PLAYER_NAME;POSITION;YEAR;AGE;GP;W;L;W_PCT;MIN;FGM;FGA;FG_PCT;FG3M;FG3A;FG3_PCT;FTM;FTA;FT_PCT;OREB;DREB;REB;AST;TOV;STL;BLK;BLKA;PF;PFD;PTS;PLUS_MINUS;DD2;TD3;DEF_RATING;DREB_PCT;PCT_DREB;PCT_STL;PCT_BLK;OPP_PTS_OFF_TOV;OPP_PTS_2ND_CHANCE;OPP_PTS_FB;OPP_PTS_PAINT;DEF_WS
Aaron Gordon;PF;2022;26;75;46;29;0.613;31.7;5.8;11.1;0.52;1.2;3.5;0.335;2.3;3.1;0.743;1.7;4.2;5.9;2.5;1.8;0.6;0.6;0.7;2;2.7;15;4.3;6;0;111.1;0.129;0.178;0.136;0.254;11.4;7.2;8.1;33.9;0.085
Aaron Holiday;PG;2022;25;63;34;29;0.54;16.2;2.4;5.4;0.447;0.6;1.6;0.379;0.9;1.1;0.868;0.4;1.6;1.9;2.4;1.1;0.7;0.1;0.3;1.5;1.2;6.3;-0.6;0;0;108.2;0.092;0.133;0.282;0.083;5;4.2;3.8;15.1;0.057
Aaron Nesmith;SF;2022;22;52;32;20;0.615;11;1.4;3.5;0.396;0.6;2.2;0.27;0.4;0.5;0.808;0.3;1.4;1.7;0.4;0.6;0.4;0.1;0;1.3;0.5;3.8;0.4;0;0;104.3;0.117;0.169;0.256;0.1;4.2;3.1;2.8;9.8;0.054
Aaron Wiggins;SF;2022;23;50;13;37;0.26;24.2;3.1;6.7;0.463;0.8;2.8;0.304;1.2;1.7;0.729;1;2.5;3.6;1.4;1.1;0.6;0.2;0.4;1.9;1.3;8.3;-4.7;0;0;112.6;0.098;0.142;0.157;0.099;7.5;7.2;5.8;23.5;0.056
Abdel Nader;SF;2022;28;14;11;3;0.786;10.4;0.9;2.5;0.343;0.3;1;0.286;0.4;0.7;0.6;0.3;1.6;1.9;0.5;0.8;0.6;0.3;0.1;1.4;1;2.4;-0.1;0;0;96;0.145;0.205;0.286;0.267;4;2.6;2.5;9.9;0.079
Admiral Schofield;SG;2022;25;38;10;28;0.263;12.3;1.4;3.4;0.419;0.7;2.1;0.329;0.3;0.4;0.8;0.4;1.9;2.3;0.7;0.6;0.1;0.1;0.1;1.5;0.6;3.8;-3.4;0;0;113.8;0.146;0.214;0.085;0.122;4.6;3.7;3;11.9;0.024
Al Horford;C;2022;35;69;46;23;0.667;29.1;3.9;8.2;0.467;1.3;3.8;0.336;1.2;1.4;0.842;1.6;6.1;7.7;3.4;0.9;0.7;1.3;0.2;1.9;1.2;10.2;5.6;15;0;103.4;0.201;0.285;0.17;0.393;8.1;6.8;6.4;23.8;0.144
Alec Burks;SG;2022;30;81;37;44;0.457;28.6;3.5;9;0.391;1.9;4.8;0.404;2.7;3.3;0.822;0.6;4.3;4.9;3;1.1;1;0.3;0.3;2.7;3;11.7;1.5;2;0;108.1;0.148;0.212;0.238;0.114;8.6;7;6.6;26;0.103
Aleem Ford;SG;2022;24;5;2;3;0.4;14.7;1.2;4;0.3;0.4;3;0.133;0;0;0;0.4;2.6;3;0.4;0.8;0.2;0;0.2;1.4;0.6;2.8;-7;0;0;120.7;0.16;0.31;0.111;0;6.4;7.8;2;16;-0.002
Aleksej Pokusevski;PF;2022;20;61;19;42;0.311;20.2;3;7.5;0.408;0.9;3.2;0.289;0.6;0.8;0.7;1.2;4;5.2;2.1;1.5;0.6;0.6;0.4;1.4;1;7.6;-0.7;5;1;106.1;0.189;0.268;0.192;0.309;6.8;5.3;4;18;0.084
Alex Caruso;PG;2022;28;41;24;17;0.585;28;2.5;6.2;0.398;1;3.1;0.333;1.4;1.8;0.795;0.8;2.8;3.6;4;1.4;1.7;0.4;0.4;2.6;2.3;7.4;2.7;1;0;105.5;0.101;0.145;0.353;0.161;8;6.7;5.4;25.6;0.122
Alex Len;C;2022;28;39;17;22;0.436;15.9;2.4;4.5;0.534;0.2;0.5;0.286;1.1;1.6;0.651;1.3;2.8;4.1;1.2;1.1;0.3;0.6;0.3;2.6;1.4;6;-1.9;2;0;111.4;0.168;0.253;0.127;0.455;5.1;5.6;4.9;17.2;0.042
Alfonzo McKinnie;SF;2022;29;17;8;9;0.471;12.1;1.4;3.6;0.393;0.5;1.6;0.333;0.1;0.5;0.25;0.8;1.2;1.9;0.3;0.4;0.1;0.2;0.2;1.5;0.4;3.5;-3.2;0;0;121.5;0.115;0.175;0.069;0.143;3.5;3.2;2.8;15.1;-0.004
Alize Johnson;PF;2022;26;23;14;9;0.609;7.3;0.7;1.7;0.436;0;0.2;0;0.3;0.5;0.583;1.2;1.4;2.7;0.4;0.5;0.2;0;0.3;0.8;0.5;1.8;-2;0;0;115.7;0.202;0.311;0.2;0;2.7;2.5;1.8;8.5;0.01
Alperen Sengun;PF;2022;19;72;18;54;0.25;20.7;3.5;7.3;0.474;0.4;1.6;0.248;2.3;3.2;0.711;1.9;3.5;5.5;2.6;2;0.8;0.9;0.6;3;3.3;9.6;-4.3;8;0;116.6;0.174;0.271;0.246;0.456;9.4;6.5;7.6;23.4;0.023
Amir Coffey;SG;2022;24;69;33;36;0.478;22.7;3.1;6.8;0.453;1.4;3.7;0.378;1.5;1.7;0.863;0.4;2.5;2.9;1.8;0.7;0.6;0.2;0.4;1.3;1.4;9;-0.7;1;0;111;0.102;0.149;0.167;0.101;7.5;7.6;6.9;24.1;0.063
Andre Drummond;C;2022;28;73;42;31;0.575;19.7;3.4;5.9;0.57;0;0;0;1.2;2.2;0.524;3.1;6.2;9.3;1.8;1.6;1.1;0.9;0.6;2.6;2.1;7.9;0.5;18;0;109.8;0.305;0.46;0.316;0.405;6.9;5.8;6;19;0.06
Andre Iguodala;SF;2022;38;31;20;11;0.645;19.4;1.5;3.9;0.38;0.5;2.4;0.23;0.5;0.6;0.75;0.7;2.5;3.2;3.7;0.9;0.9;0.7;0.1;1.1;1.2;4;3.7;0;0;97;0.117;0.174;0.216;0.314;5.6;5.5;4.5;16.3;0.133
Andrew Wiggins;PF;2022;27;73;47;26;0.644;31.9;6.5;14;0.466;2.2;5.5;0.393;2;3.2;0.634;1.2;3.3;4.5;2.2;1.5;1;0.7;0.6;2.2;2.9;17.2;3.6;1;0;105.4;0.095;0.137;0.181;0.225;10.8;8.4;8.3;29.5;0.14
Anfernee Simons;SG;2022;22;57;25;32;0.439;29.5;6.2;14;0.443;3.1;7.8;0.405;1.8;2;0.888;0.5;2.2;2.6;3.9;2;0.5;0.1;0.6;1.9;1.7;17.3;-1.5;2;0;112.9;0.075;0.108;0.109;0.042;9.4;7.6;8.3;28.8;0.063
Anthony Davis;PF;2022;29;40;17;23;0.425;35.1;9.3;17.4;0.532;0.3;1.8;0.186;4.4;6.1;0.713;2.7;7.2;9.9;3.1;2.1;1.2;2.3;0.5;2.4;5.1;23.2;-2.3;19;0;108.9;0.196;0.283;0.201;0.511;13.4;9;11.6;36.6;0.118
Anthony Edwards;SG;2022;20;72;39;33;0.542;34.2;7.6;17.3;0.441;3;8.4;0.357;3.1;3.9;0.786;0.9;3.9;4.8;3.8;2.6;1.5;0.6;0.6;2.3;2.8;21.3;2.6;4;0;110.6;0.113;0.17;0.232;0.159;11.4;9.9;10.4;33.4;0.097
Anthony Gill;PF;2022;29;44;15;29;0.341;10.5;1.4;2.5;0.569;0.3;0.6;0.538;1;1.2;0.808;0.8;1.2;1.9;0.6;0.4;0.1;0.3;0.3;1.3;1;4.1;1.4;0;0;108.9;0.112;0.17;0.065;0.268;3.1;2.7;2.5;9.5;0.036
Armoni Brooks;SG;2022;23;54;20;34;0.37;15.6;1.8;5.4;0.339;1.4;4.6;0.297;0.3;0.4;0.857;0.4;1.5;1.9;1.1;0.5;0.5;0.2;0.1;1.4;0.4;5.3;-1.5;0;0;112.1;0.097;0.149;0.19;0.129;5.6;4.4;4.5;15.7;0.039
Austin Reaves;PG;2022;23;61;28;33;0.459;23.2;2.4;5.2;0.459;0.9;2.7;0.317;1.6;1.9;0.839;0.7;2.4;3.2;1.8;0.7;0.5;0.3;0.2;1.4;2.2;7.3;0.9;1;1;109;0.099;0.147;0.13;0.12;7.1;6.2;7.1;24.1;0.078
Austin Rivers;SG;2022;29;67;41;26;0.612;22.1;2.2;5.2;0.417;1.2;3.4;0.342;0.5;0.7;0.727;0.3;1.4;1.7;1.3;0.8;0.8;0.1;0.2;1.8;0.7;6;0.8;0;0;111.1;0.063;0.092;0.232;0.051;8.3;5.6;5.6;22.1;0.06
Avery Bradley;SG;2022;31;62;27;35;0.435;22.7;2.4;5.6;0.423;1.3;3.4;0.39;0.3;0.3;0.889;0.5;1.7;2.2;0.8;0.6;0.9;0.1;0.3;1.9;0.5;6.4;-2.9;0;0;111.2;0.073;0.106;0.216;0.066;8.4;6;6.9;24.5;0.061
Ayo Dosunmu;SF;2022;22;77;42;35;0.545;27.4;3.6;6.9;0.52;0.9;2.4;0.376;0.7;1;0.679;0.4;2.4;2.8;3.3;1.4;0.8;0.4;0.5;2.4;0.9;8.8;-2.6;4;0;114.1;0.09;0.129;0.186;0.161;9.6;7.1;7.2;29.3;0.05
BJ Johnson;C;2022;26;4;2;2;0.5;16.1;2.8;6.3;0.44;1;2.5;0.4;0;0;0;1.5;2.3;3.8;0;0;0;0.3;0.5;1;0;6.5;-3;0;0;113;0.122;0.209;0;0.167;3.8;5.3;3.3;13;0.034
Bam Adebayo;C;2022;24;56;36;20;0.643;32.6;7.3;13;0.557;0;0.1;0;4.6;6.1;0.753;2.4;7.6;10.1;3.4;2.6;1.4;0.8;0.7;3.1;5.4;19.1;5.4;27;0;104.9;0.234;0.324;0.27;0.415;10.4;7.5;7.9;28;0.147
Ben McLemore;SG;2022;29;64;20;44;0.313;20.1;3.4;8.4;0.401;2.4;6.5;0.362;1.1;1.4;0.818;0.2;1.4;1.6;0.9;0.9;0.6;0.2;0.3;1.6;1.4;10.2;-5.5;0;0;115;0.072;0.11;0.162;0.097;7.8;6;6.9;19.6;0.032
Bismack Biyombo;C;2022;29;36;30;6;0.833;14.1;2.4;4;0.593;0;0;0;1.1;2;0.535;1.8;2.9;4.6;0.6;0.7;0.3;0.7;0.2;1.9;1.7;5.8;1.4;6;0;106.2;0.207;0.283;0.126;0.553;4.2;3.7;2.9;11.4;0.058
Blake Griffin;PF;2022;33;56;29;27;0.518;17.1;2.4;5.6;0.425;0.7;2.6;0.262;1;1.4;0.724;1.1;3;4.1;1.9;0.6;0.5;0.3;0.3;1.7;2.2;6.4;-1.7;1;0;112.5;0.169;0.25;0.185;0.154;6.3;4.7;5.5;16.6;0.04
Boban Marjanovic;PF;2022;33;23;15;8;0.652;5.6;1.8;3;0.6;0;0.2;0.25;0.6;1;0.591;0.3;1.3;1.7;0.1;0.7;0;0.1;0.2;1;0.9;4.3;1.5;0;0;95.5;0.228;0.301;0;0.333;2.3;0.8;1.3;4;0.042
Bobby Portis;C;2022;27;72;46;26;0.639;28.2;5.8;12.1;0.479;1.8;4.7;0.393;1.2;1.6;0.752;2.5;6.6;9.1;1.2;1.3;0.7;0.7;0.7;2.4;1.5;14.6;4.4;24;0;108.5;0.218;0.301;0.165;0.321;8.7;7.4;5.7;23.9;0.098
Bogdan Bogdanovic;C;2022;29;63;33;30;0.524;29.3;5.4;12.6;0.431;2.7;7.3;0.368;1.5;1.8;0.843;0.5;3.5;4;3.1;1.1;1.1;0.2;0.4;2.1;1.7;15.1;3;0;0;112.1;0.116;0.172;0.233;0.088;8.4;8.3;6.3;28.7;0.07
Bojan Bogdanovic;SG;2022;33;69;45;24;0.652;30.9;6.1;13.4;0.455;2.6;6.8;0.387;3.2;3.8;0.858;0.8;3.4;4.3;1.7;1.7;0.5;0;0.9;1.7;2.5;18.1;3.2;3;0;111.4;0.106;0.154;0.105;0.004;10.6;8.7;7.7;30.4;0.081
Bol Bol;PF;2022;22;14;5;9;0.357;5.8;1.1;1.9;0.556;0.1;0.3;0.25;0.1;0.4;0.4;0.3;1.1;1.4;0.4;0.3;0.1;0.1;0.1;0.3;0.1;2.4;0.4;0;0;101.7;0.211;0.271;0.059;0.667;2.6;1;1.9;4.3;0.032
Bones Hyland;PF;2022;21;69;41;28;0.594;19;3.3;8.3;0.403;1.9;5.2;0.366;1.6;1.8;0.856;0.2;2.5;2.7;2.8;1.2;0.6;0.3;0.6;2.2;1.3;10.1;0.6;1;0;111.7;0.133;0.194;0.205;0.204;6.4;4.7;5.2;19.5;0.048
Brad Wanamaker;PG;2022;32;23;10;13;0.435;13.9;1.2;3.3;0.364;0.2;0.7;0.235;1;1.1;0.92;0.3;1.4;1.7;2.4;1;0.3;0.3;0.5;2;1.3;3.6;-1.9;0;0;110.3;0.107;0.156;0.137;0.146;5.1;4;4.6;13.3;0.041
Bradley Beal;SG;2022;28;40;17;23;0.425;36;8.7;19.3;0.451;1.6;5.3;0.3;4.2;5.1;0.833;1;3.8;4.7;6.6;3.4;0.9;0.4;0.9;2.4;4;23.2;-2.6;4;0;110.5;0.099;0.141;0.188;0.096;12.5;9.8;5.9;36.3;0.104
Brandon Boston Jr.;SG;2022;20;51;26;25;0.51;14.9;2.5;6.4;0.385;0.7;2.2;0.306;1.2;1.4;0.819;0.3;1.8;2.2;1;0.6;0.5;0.3;0.5;0.8;1.1;6.7;-0.7;0;0;104.9;0.111;0.17;0.208;0.143;5.5;5.2;4.1;15.9;0.069
Brandon Clarke;PF;2022;25;64;44;20;0.688;19.5;4.5;7;0.644;0.1;0.3;0.227;1.3;2;0.654;2.1;3.2;5.3;1.3;0.5;0.6;1.1;0.4;1.9;1.7;10.4;2.8;4;0;105.7;0.148;0.22;0.157;0.318;6.1;6.4;4.7;19.1;0.087
Brandon Goodwin;PG;2022;26;36;19;17;0.528;13.9;1.8;4.3;0.416;0.5;1.5;0.345;0.7;1.1;0.632;0.4;1.5;1.9;2.5;1;0.7;0;0.4;1.1;1;4.8;-1.5;1;0;112.6;0.11;0.16;0.403;0.024;5.1;3.8;3.1;13.1;0.031
Brandon Ingram;SF;2022;24;55;29;26;0.527;34;8.2;17.9;0.461;1.3;4.1;0.327;4.8;5.9;0.826;0.6;5.2;5.8;5.6;2.7;0.6;0.5;0.8;2.2;4.8;22.7;2.2;7;0;109.4;0.152;0.214;0.115;0.156;11;8.6;7.6;32.5;0.108
Brandon Knight;SF;2022;30;5;2;3;0.4;12.9;2;5;0.4;0.8;3.4;0.235;1.6;1.6;1;0;1.6;1.6;1.6;0.8;0.2;0;0.4;1;1.2;6.4;-1.2;0;0;107.2;0.098;0.154;0.143;0;5.6;5.2;4.2;12.4;0.053
Brandon Williams;SF;2022;22;24;2;22;0.083;26.7;4.4;11.8;0.372;1.3;4.4;0.292;2.8;4;0.701;0.8;2.3;3.1;3.9;2.4;1;0.4;0.9;2.2;3.1;12.9;-11.3;2;0;121.6;0.089;0.138;0.203;0.182;11.4;9;9;26.4;-0.01
Braxton Key;SF;2022;25;11;5;6;0.455;17.9;3;6.5;0.458;0.5;1.9;0.286;0.6;1.2;0.538;1.2;3.4;4.5;1;1;0.9;1;0.4;2.4;1.2;7.2;2.5;0;0;105.2;0.187;0.306;0.238;0.355;4.5;4.3;3.1;18.7;0.083
Brodric Thomas;SG;2022;25;12;8;4;0.667;5;0.7;1.5;0.444;0.2;0.8;0.222;0.3;0.4;0.6;0.2;0.7;0.8;0.9;0.5;0.1;0.1;0.1;0.6;0.3;1.8;0.3;0;0;103.7;0.103;0.16;0.1;0.1;2.8;2.1;1.7;4;0.027
Brook Lopez;C;2022;34;13;10;3;0.769;23;4.7;10.1;0.466;1.5;4.1;0.358;1.5;1.8;0.87;1.5;2.6;4.1;0.5;0.9;0.6;1.2;0.4;2.6;1.6;12.4;-0.5;0;0;111.6;0.108;0.14;0.2;0.469;7.6;4.6;6.4;19.8;0.059
Bruce Brown;PG;2022;25;72;37;35;0.514;24.6;3.6;7;0.506;0.5;1.3;0.404;1.3;1.8;0.758;1.4;3.4;4.8;2.1;0.8;1.1;0.7;0.5;2.4;1.5;9;-0.6;1;0;112;0.13;0.202;0.292;0.264;9.1;7.3;7.1;24.6;0.061
Bruno Fernando;C;2022;23;30;15;15;0.5;5.1;1.2;1.8;0.655;0;0.1;0.5;0.5;0.8;0.625;0.6;1.2;1.8;0.2;0.5;0;0.4;0.2;0.8;0.7;2.9;-1.1;2;0;110.1;0.223;0.319;0.05;0.611;2.3;1.5;1.5;4.7;0.016
Bryn Forbes;SG;2022;28;75;36;39;0.48;17.1;3.1;7.2;0.429;1.6;3.9;0.414;1.1;1.2;0.908;0.1;1.1;1.2;1;0.7;0.3;0.1;0.4;1.3;0.8;8.8;0.3;0;0;109.8;0.063;0.091;0.117;0.044;6;4.5;3.8;16.5;0.054
Buddy Hield;SG;2022;29;81;26;55;0.321;30.8;5.5;13.6;0.406;3.2;8.8;0.366;1.4;1.6;0.874;0.8;3.5;4.4;2.8;1.9;0.9;0.3;0.7;2.3;1.1;15.6;-2;1;0;115.1;0.114;0.172;0.193;0.097;12;9.8;8.3;33.8;0.048
CJ Elleby;SF;2022;21;58;17;41;0.293;20.2;2.1;5.3;0.393;0.6;2.2;0.294;1;1.4;0.714;1.1;2.8;3.9;1.5;1;0.6;0.3;0.2;2;1.3;5.8;-6;0;0;116.9;0.141;0.215;0.164;0.202;7.8;5.9;6.3;20.1;0.02
CJ McCollum;SG;2022;30;62;28;34;0.452;34.6;8.6;18.8;0.46;2.9;7.6;0.388;1.9;2.7;0.682;0.9;3.5;4.3;5.1;2;1.1;0.4;0.9;2;2.6;22.1;-1.1;3;0;114;0.101;0.144;0.197;0.12;11.3;8.9;8.7;33.7;0.064
Cade Cunningham;SG;2022;20;64;20;44;0.313;32.6;6.7;16.1;0.416;1.8;5.7;0.314;2.2;2.6;0.845;0.9;4.6;5.5;5.6;3.7;1.2;0.7;1.2;3.1;2.4;17.4;-4.3;10;2;113.1;0.143;0.211;0.248;0.222;11.4;8.4;6.7;33.2;0.069
Caleb Martin;SF;2022;26;60;37;23;0.617;22.9;3.5;6.8;0.507;1.1;2.6;0.413;1.2;1.6;0.763;1.2;2.7;3.8;1.1;0.9;1;0.5;0.4;1.7;1.5;9.2;2.6;1;0;106.2;0.114;0.173;0.249;0.268;7.8;6.9;6;19.7;0.097
Cam Reddish;SF;2022;22;49;20;29;0.408;20.7;3.4;8.3;0.404;1.3;3.8;0.359;2.1;2.3;0.902;0.5;1.6;2.1;1;1.2;1;0.3;0.5;1.2;1.6;10.1;-4.4;0;0;113;0.075;0.108;0.331;0.167;7.8;5.5;5.6;21.1;0.046
Cam Thomas;SF;2022;20;67;32;35;0.478;17.6;3.3;7.5;0.433;0.7;2.6;0.27;1.3;1.6;0.829;0.2;2.2;2.4;1.2;0.8;0.5;0.1;0.4;1;1.2;8.5;-2.1;0;0;112.7;0.118;0.179;0.209;0.065;6.1;5;4.9;17.8;0.039
Cameron Johnson;PF;2022;26;66;50;16;0.758;26.2;4.2;9.2;0.46;2.5;5.9;0.425;1.5;1.7;0.86;0.6;3.5;4.1;1.5;0.7;0.9;0.2;0.4;1.7;1.6;12.5;3.3;0;0;104.6;0.123;0.178;0.188;0.096;8.6;7.2;5.7;25.1;0.123
Cameron Payne;PG;2022;27;58;46;12;0.793;22;4.1;10.1;0.409;1.2;3.6;0.336;1.3;1.5;0.843;0.4;2.6;3;4.9;1.8;0.7;0.3;0.6;2.1;1.7;10.8;2.6;3;0;102.7;0.109;0.162;0.184;0.125;7.4;6.6;4.9;20.3;0.116
Caris LeVert;SG;2022;27;58;23;35;0.397;30.7;6.5;14.7;0.444;1.4;4.4;0.32;2.5;3.3;0.756;0.7;2.9;3.7;4.3;1.9;0.9;0.4;0.9;2.3;2.9;17;-1.1;1;0;114.5;0.097;0.141;0.206;0.131;9.5;8.8;7.6;31.7;0.052
Carlik Jones;SG;2022;24;5;3;2;0.6;4.7;0.2;1.8;0.111;0;0.2;0;0.4;0.4;1;0.2;0.4;0.6;1;0.6;0.2;0;0;0;0.2;0.8;-4;0;0;121.8;0.069;0.105;0.25;0;2.8;2.2;0.8;5.2;-0.002
Carmelo Anthony;PF;2022;37;69;27;42;0.391;26;4.6;10.5;0.441;2.2;5.8;0.375;1.9;2.3;0.83;0.9;3.3;4.2;1;0.9;0.7;0.8;0.3;2.4;1.7;13.3;-1.3;1;0;111.7;0.116;0.177;0.182;0.259;9;7.5;7.2;28.1;0.067
Carsen Edwards;SG;2022;24;4;1;3;0.25;19.8;2.3;7.5;0.3;1;4;0.25;0.3;0.3;1;0.5;1;1.5;3.5;1.3;0.5;0;1.3;1;0.5;5.8;-3;0;0;114.4;0.044;0.082;0.167;0;8.3;6.5;7.3;27.5;0.035
Cassius Stanley;SG;2022;22;9;3;6;0.333;17.2;2.1;5.1;0.413;0.4;1.9;0.235;1.1;1.1;1;0.6;1.6;2.1;0.4;0.7;0.6;0.2;0.2;1.9;1.3;5.8;-1.7;0;0;105.2;0.084;0.133;0.185;0.125;5.6;4.8;4.2;18.9;0.078
Cassius Winston;PG;2022;24;7;1;6;0.143;5.6;0.6;1.6;0.364;0.3;0.9;0.333;0.6;0.6;1;0;0.1;0.1;1;0.4;0;0;0.1;1.3;0.6;2;-0.9;0;0;111.1;0.027;0.038;0;0;2;1.7;1.6;5.7;0.015
Cedi Osman;SF;2022;27;66;37;29;0.561;22.1;3.7;8.7;0.432;1.9;5.4;0.357;1.3;2;0.664;0.4;1.8;2.2;2;1;0.8;0.2;0.4;1.9;1.6;10.7;-0.9;0;0;109.2;0.08;0.122;0.249;0.088;8.2;6.3;6;22.8;0.073
Charles Bassey;SF;2022;21;23;11;12;0.478;7.3;1.3;2;0.638;0;0.2;0;0.4;0.5;0.75;1;1.7;2.7;0.3;0.3;0.2;0.7;0.1;1.4;0.6;3;-1.5;1;0;107.4;0.233;0.354;0.167;0.63;3;2.1;2.6;5.9;0.028
Charlie Brown Jr.;SG;2022;25;22;16;6;0.727;8.1;0.5;1.8;0.256;0;0.5;0.083;0.4;0.5;0.9;0.6;0.8;1.5;0.3;0.2;0.5;0.2;0.2;0.8;0.4;1.4;-1;0;0;103.4;0.088;0.131;0.263;0.2;2.7;2.5;2.5;7.5;0.043
Chaundee Brown Jr.;PG;2022;23;5;1;4;0.2;20.7;2;6.4;0.313;1.2;3.6;0.333;1;1.2;0.833;0.2;3;3.2;0.8;0.2;0.4;0;0.6;1.4;0.8;6.2;-4;0;0;112.8;0.139;0.19;0.222;0;7;3.8;7.2;22.4;0.047
Chimezie Metu;C;2022;25;60;23;37;0.383;21.3;3.4;7.5;0.452;1;3.1;0.306;1.2;1.5;0.78;0.6;5;5.6;1;1;0.9;0.5;0.5;1.6;1.4;8.9;-2.6;6;0;111.8;0.227;0.336;0.243;0.248;8.6;6.9;5.9;22;0.054
Chris Boucher;C;2022;29;80;48;32;0.6;21.1;3.4;7.2;0.464;0.9;2.9;0.297;1.9;2.4;0.777;2.2;3.9;6.2;0.3;0.5;0.6;0.9;0.5;2.2;2.2;9.4;2.4;10;0;105.7;0.183;0.274;0.157;0.417;6.3;6;4.6;18.1;0.091
Chris Chiozza;PG;2022;26;34;21;13;0.618;10.9;0.7;2.4;0.296;0.5;1.6;0.321;0.1;0.1;0.667;0.3;0.8;1.1;1.9;0.9;0.4;0;0.2;0.9;0.4;2;-1.4;0;0;108.3;0.073;0.106;0.213;0;4.5;2.7;2.6;9.8;0.038
Chris Duarte;PG;2022;24;55;21;34;0.382;28;4.9;11.3;0.432;1.7;4.6;0.369;1.6;2;0.804;0.7;3.4;4.1;2.1;1.6;1;0.2;0.7;1.7;2;13.1;-1;0;0;109.7;0.117;0.169;0.241;0.057;9.8;7.8;7.3;29.1;0.087
Chris Paul;PG;2022;37;65;53;12;0.815;32.9;5.6;11.3;0.493;1;3.1;0.317;2.6;3.1;0.837;0.3;4;4.4;10.8;2.4;1.9;0.3;0.2;2.1;3.2;14.7;7.1;34;2;105.5;0.113;0.164;0.314;0.111;8.5;9.2;7.5;32;0.142
Chris Silva;PF;2022;25;10;7;3;0.7;9.1;0.8;1.5;0.533;0;0;0;1;1.2;0.833;1.3;2.3;3.6;0.7;0.8;0;0.1;0.3;2;1.3;2.6;-2.9;0;0;117.6;0.274;0.383;0;0.2;3.9;1.8;2.4;6.4;0.007
Christian Wood;C;2022;26;68;19;49;0.279;30.8;6.5;12.9;0.501;1.9;4.9;0.39;3;4.9;0.623;1.6;8.5;10.1;2.3;1.9;0.8;1;0.7;2.5;4.6;17.9;-6;33;0;115.7;0.265;0.393;0.186;0.342;14;9;10.6;33.4;0.042
Chuma Okeke;PF;2022;23;70;21;49;0.3;25;3.1;8.2;0.376;1.7;5.3;0.318;0.8;0.9;0.846;0.7;4.3;5;1.7;0.8;1.4;0.6;0.2;1.4;1;8.6;-4.5;3;0;109.1;0.165;0.239;0.333;0.256;8.5;6.3;5.9;24;0.083
Clint Capela;C;2022;27;74;40;34;0.541;27.6;5;8.2;0.613;0;0;0;1.1;2.3;0.473;3.8;8.1;11.9;1.2;0.6;0.7;1.3;0.5;2.2;1.9;11.1;1.7;35;0;113.3;0.284;0.401;0.181;0.508;8.7;7.2;8;27.9;0.057
Coby White;PG;2022;22;61;32;29;0.525;27.5;4.6;10.6;0.433;2.2;5.8;0.385;1.3;1.5;0.857;0.3;2.7;3;2.9;1.1;0.5;0.2;0.4;2.2;1.4;12.7;-0.6;1;0;113.6;0.099;0.142;0.128;0.082;8.4;7.4;6.6;29.4;0.054
Cody Martin;SF;2022;26;71;41;30;0.577;26.3;2.9;6;0.482;0.9;2.2;0.384;1.1;1.5;0.701;1.2;2.9;4;2.5;0.9;1.2;0.5;0.4;1.6;1.6;7.7;-0.4;0;0;113;0.108;0.164;0.264;0.173;9.2;8.1;7.7;25.7;0.056
Cody Zeller;C;2022;29;27;13;14;0.481;13.1;1.9;3.3;0.567;0;0.1;0;1.4;1.8;0.776;1.9;2.8;4.6;0.8;0.7;0.3;0.2;0.5;2.1;1.6;5.2;-1;0;0;110.9;0.212;0.294;0.16;0.207;4.7;3.3;2.9;12.7;0.037
Cole Anthony;PG;2022;21;65;18;47;0.277;31.7;5.5;14;0.391;2;6;0.338;3.3;3.9;0.854;0.5;4.9;5.4;5.7;2.6;0.7;0.3;0.7;2.6;3.4;16.3;-3.6;9;0;111.1;0.145;0.206;0.176;0.078;11.2;8.7;7.9;28.4;0.085
Collin Sexton;SG;2022;23;11;7;4;0.636;28.8;6.2;13.7;0.45;1;4.1;0.244;2.6;3.5;0.744;1.2;2.1;3.3;2.1;2.8;0.9;0;1.5;2.3;3.9;16;-2.7;0;0;105;0.066;0.101;0.208;0;13.8;7.6;8.9;28.2;0.131
Corey Kispert;SG;2022;23;77;31;46;0.403;23.4;3;6.7;0.455;1.5;4.2;0.35;0.7;0.8;0.871;0.7;2;2.7;1.1;0.6;0.5;0.3;0.3;1.2;0.6;8.2;0.5;0;0;112.9;0.084;0.124;0.148;0.121;6.8;5.8;5;23.5;0.05
Cory Joseph;PG;2022;30;65;19;46;0.292;24.6;2.7;6.2;0.445;1;2.4;0.414;1.5;1.7;0.885;0.4;2.2;2.7;3.6;1.3;0.6;0.3;0.3;2.3;1.8;8;-3.1;0;0;111.7;0.092;0.137;0.179;0.108;7.9;6.2;4.9;25.5;0.062
D'Angelo Russell;PG;2022;26;65;39;26;0.6;31.9;6.2;15;0.411;2.7;8;0.34;3;3.7;0.825;0.4;2.9;3.3;7.1;2.5;1;0.3;0.4;2;3.3;18.1;3.2;12;0;109.8;0.089;0.136;0.167;0.092;10.8;9.4;10;32.2;0.099
D.J. Augustin;PG;2022;34;55;15;40;0.273;16.1;1.7;4;0.423;1.2;3;0.415;0.7;0.8;0.884;0.2;1;1.2;1.9;1;0.3;0;0.2;0.7;0.6;5.3;-3.2;0;0;117.5;0.065;0.099;0.156;0.013;6.7;4.9;5.5;17.6;0.013
D.J. Wilson;PF;2022;26;4;2;2;0.5;13.5;2.8;3.8;0.733;0;0.5;0;2;2.5;0.8;0.3;3.8;4;1.3;0.5;1.3;0.3;0.3;1.5;1.3;7.5;-4;0;0;116.5;0.238;0.357;0.417;0.25;6.3;6.3;4.3;14.5;0.017
Daishen Nix;PF;2022;20;24;3;21;0.125;10.9;1.1;2.8;0.403;0.3;1.1;0.269;0.7;1.3;0.533;0.3;1.1;1.4;1.7;1.1;0.6;0;0.3;0.9;0.9;3.2;-1.9;0;0;111;0.103;0.152;0.263;0;5.5;3.1;3.3;12.8;0.031
Dalano Banton;SG;2022;22;64;37;27;0.578;10.9;1.3;3.2;0.411;0.2;0.8;0.255;0.4;0.7;0.591;0.6;1.3;1.9;1.5;0.8;0.4;0.2;0.3;1.1;0.6;3.2;0.5;0;0;105.1;0.124;0.182;0.206;0.159;3.4;2.9;2.4;8.8;0.05
Damian Jones;C;2022;26;56;19;37;0.339;18.2;3.1;4.8;0.658;0.2;0.5;0.345;1.7;2.3;0.718;1.3;3.1;4.4;1.2;1.1;0.5;0.8;0.3;2.3;2.1;8.1;-3.1;2;0;113.5;0.164;0.251;0.176;0.485;6.7;5.9;4.6;18.4;0.036
Damian Lillard;PG;2022;31;29;12;17;0.414;36.4;7.7;19;0.402;3.2;9.8;0.324;5.5;6.2;0.878;0.4;3.7;4.1;7.3;2.9;0.6;0.4;0.8;1.3;5.2;24;-1;8;0;114.8;0.104;0.141;0.105;0.102;12.4;8;10.1;37.9;0.058
Damion Lee;SG;2022;29;63;41;22;0.651;19.9;2.7;6.1;0.441;1;3;0.337;1;1.2;0.88;0.4;2.8;3.2;1;0.6;0.6;0.1;0.2;1.5;1.3;7.4;1.5;0;0;106.5;0.136;0.189;0.192;0.067;6.9;5.2;5.2;18.3;0.081
Daniel Gafford;C;2022;23;72;30;42;0.417;20.1;4;5.7;0.693;0;0;0;1.5;2.1;0.699;2.2;3.5;5.7;0.9;0.9;0.4;1.4;0.5;2.4;2.2;9.4;-2.9;8;0;115.5;0.169;0.25;0.155;0.563;6.8;5.4;4.2;19.8;0.028
Daniel Theis;C;2022;30;47;20;27;0.426;20.8;3.2;6.2;0.519;0.7;2.3;0.308;1;1.5;0.681;1.3;3.6;4.9;0.9;1;0.4;0.7;0.3;2.4;1.7;8.2;-1.9;3;0;108.4;0.159;0.232;0.142;0.295;9.1;5.7;5.8;19.6;0.075
Danilo Gallinari;PF;2022;33;66;35;31;0.53;25.3;3.9;9;0.434;1.7;4.5;0.381;2.1;2.4;0.904;0.5;4.1;4.7;1.5;0.6;0.4;0.2;0.2;1.4;2.5;11.7;1.6;2;0;112.6;0.161;0.239;0.113;0.09;7.6;6.9;6.3;26;0.057
Danny Green;SF;2022;34;62;37;25;0.597;21.8;2;5.2;0.394;1.7;4.4;0.38;0.2;0.2;0.786;0.5;2;2.5;1;0.7;1;0.6;0.2;1.7;0.4;5.9;1.3;0;0;108.5;0.091;0.131;0.27;0.266;7.6;5.4;7.3;20.3;0.077
Danuel House Jr.;SF;2022;28;42;18;24;0.429;17.3;1.9;4.7;0.404;1;2.8;0.376;1;1.4;0.759;0.4;2.2;2.6;1;0.8;0.5;0.4;0.3;1.2;1.1;5.9;1.5;0;0;105.5;0.118;0.173;0.178;0.215;6.3;4.6;4.5;16.5;0.077
Darius Bazley;PF;2022;21;69;19;50;0.275;27.9;4;9.4;0.422;1.2;3.9;0.297;1.7;2.5;0.688;1;5.3;6.3;1.4;1.3;0.8;1;1.1;1;1.9;10.8;-6.8;7;0;113.1;0.176;0.257;0.194;0.354;10.1;8.5;6;28.9;0.06
Darius Garland;PG;2022;22;68;37;31;0.544;35.7;8;17.3;0.462;2.6;6.7;0.383;3.2;3.5;0.892;0.6;2.7;3.3;8.6;3.6;1.3;0.1;0.8;1.7;3.4;21.7;5.5;29;1;106.9;0.074;0.107;0.238;0.032;12.6;9.5;8.6;34.7;0.14
David Duke Jr.;SF;2022;22;22;10;12;0.455;15.5;1.8;4.9;0.361;0.4;1.7;0.243;0.8;1;0.81;1.4;1.7;3;0.8;0.4;0.6;0.3;0.5;1.6;0.9;4.7;-0.5;2;0;110.6;0.105;0.154;0.292;0.179;4.2;4.3;3.9;15;0.045
David Nwaba;SF;2022;29;46;6;40;0.13;13.2;1.8;3.8;0.483;0.3;1.1;0.306;1;1.5;0.716;0.9;2.4;3.3;0.8;0.5;0.6;0.4;0.5;1.2;1.2;5.1;-2.5;0;0;115.9;0.179;0.279;0.25;0.303;5.8;3.7;4.6;14.1;0.017
Davion Mitchell;SF;2022;23;75;28;47;0.373;27.7;4.7;11.2;0.418;1.3;4.3;0.316;0.7;1.1;0.659;0.4;1.8;2.2;4.2;1.5;0.7;0.3;0.5;1.9;1.5;11.5;-3.7;3;0;111.3;0.062;0.093;0.165;0.123;10.3;9;7.1;28.6;0.073
Davis Bertans;SF;2022;29;56;32;24;0.571;14.4;1.8;4.9;0.36;1.4;4.1;0.335;0.6;0.7;0.9;0.2;1.9;2.1;0.6;0.3;0.3;0.2;0.1;1.5;0.7;5.6;0.5;0;0;108.5;0.127;0.186;0.167;0.176;4.3;4.4;1.9;14.5;0.051
Davon Reed;PF;2022;26;48;29;19;0.604;13.9;1.7;3.4;0.503;0.8;1.8;0.43;0.2;0.3;0.667;0.3;2;2.3;1.1;0.3;0.5;0.2;0.1;1.3;0.3;4.4;-0.5;0;0;109.5;0.14;0.193;0.216;0.18;4.9;3.3;3.5;13.7;0.045
Day'Ron Sharpe;PF;2022;20;32;12;20;0.375;12.2;2.7;4.7;0.577;0.1;0.2;0.286;0.8;1.3;0.585;2.5;2.5;5;0.5;0.9;0.3;0.5;0.4;1.9;1.1;6.2;1.8;2;0;108.8;0.198;0.284;0.179;0.366;4;2.7;3.4;12.4;0.041
De'Aaron Fox;PG;2022;24;59;22;37;0.373;35.3;8.7;18.5;0.473;1.3;4.2;0.297;4.4;5.9;0.75;0.4;3.5;3.9;5.6;2.8;1.2;0.4;0.8;2.9;4.8;23.2;-3.3;5;0;116.5;0.096;0.14;0.241;0.138;12.6;10.6;10.1;38.6;0.04
De'Andre Hunter;SF;2022;24;53;28;25;0.528;29.8;4.8;10.8;0.442;1.4;3.7;0.379;2.4;3.1;0.765;0.5;2.8;3.3;1.3;1.3;0.7;0.4;0.7;2.9;2.9;13.4;0.5;2;0;113.9;0.093;0.137;0.157;0.15;9.5;8.2;7.9;29.8;0.056
De'Anthony Melton;PG;2022;23;73;49;24;0.671;22.7;3.8;9.5;0.404;1.9;5.1;0.374;1.2;1.6;0.75;0.9;3.6;4.5;2.7;1.5;1.4;0.5;0.5;1.8;1.4;10.8;3;2;0;106.4;0.15;0.219;0.283;0.181;7.5;6.3;5.5;22.5;0.095
DeAndre Jordan;C;2022;33;48;26;22;0.542;13;1.9;3;0.643;0;0;0;0.5;0.8;0.55;1.7;3.8;5.5;0.4;0.8;0.3;0.7;0.1;1.5;0.9;4.3;-3.1;0;0;111.5;0.262;0.371;0.145;0.455;5.4;3.9;5.4;12.9;0.035
DeAndre' Bembry;SF;2022;27;56;31;25;0.554;18.3;2.2;3.9;0.561;0.3;0.6;0.417;0.4;0.6;0.6;0.8;2.2;2.9;1.2;0.6;0.9;0.4;0.4;2;0.7;5.1;-0.5;0;0;110.5;0.106;0.165;0.322;0.192;6.2;5.4;5.3;18.8;0.052
DeMar DeRozan;PF;2022;32;76;43;33;0.566;36.1;10.2;20.2;0.504;0.7;1.9;0.352;6.8;7.8;0.877;0.7;4.4;5.2;4.9;2.4;0.9;0.3;1.1;2.3;5.7;27.9;1;6;0;112;0.122;0.176;0.169;0.107;10.8;9.8;8.9;37.3;0.089
DeMarcus Cousins;C;2022;31;48;33;15;0.688;14.9;3.1;6.8;0.46;0.8;2.5;0.303;2;2.6;0.76;1.5;4.1;5.6;1.5;1.8;0.7;0.4;0.5;2.9;2.8;9;0.8;2;0;111.7;0.281;0.389;0.307;0.412;5.5;3.3;4.4;14;0.039
Dean Wade;PF;2022;25;51;27;24;0.529;19.2;1.9;4.3;0.456;1;2.8;0.359;0.4;0.6;0.667;0.6;2.3;2.9;1;0.3;0.6;0.1;0.1;1.7;0.6;5.3;0.7;1;0;103.8;0.12;0.169;0.191;0.093;6.6;4.3;4.7;17.7;0.093
Deandre Ayton;C;2022;23;58;46;12;0.793;29.5;7.6;12;0.634;0.1;0.3;0.368;1.8;2.4;0.746;2.6;7.7;10.2;1.4;1.6;0.7;0.7;0.6;2.4;2.1;17.2;5.9;30;0;107.7;0.241;0.354;0.13;0.348;8.5;9;7.2;27.3;0.109
Dejounte Murray;PG;2022;25;68;30;38;0.441;34.8;8.4;18.3;0.462;1.4;4.3;0.327;2.9;3.6;0.794;1.2;7.1;8.3;9.2;2.6;2;0.3;0.9;2;3.3;21.1;0.7;39;13;111;0.196;0.29;0.351;0.092;10.1;10.2;8.7;36.6;0.096
Delon Wright;PG;2022;30;77;42;35;0.545;18.9;1.6;3.5;0.454;0.6;1.5;0.379;0.7;0.8;0.857;0.6;2.2;2.9;2.4;0.6;1.2;0.2;0.2;0.7;1;4.4;0.8;0;0;108.8;0.116;0.171;0.381;0.141;5.9;5.1;4.2;18.3;0.064
Deni Avdija;SF;2022;21;82;35;47;0.427;24.2;3;7.1;0.432;1;3.2;0.317;1.3;1.7;0.757;0.6;4.5;5.2;2;1.1;0.7;0.5;0.5;2.3;1.4;8.4;-0.8;3;0;110.1;0.182;0.263;0.208;0.224;7.7;6.1;4.3;22.5;0.073
Dennis Schroder;SF;2022;28;64;32;32;0.5;28.7;4.9;11.3;0.431;1.3;3.9;0.344;2.5;2.9;0.853;0.5;2.8;3.3;4.6;2.2;0.8;0.1;0.8;2.4;2.9;13.5;-0.5;1;0;107.9;0.097;0.144;0.189;0.038;9;7.6;6.7;26.7;0.101
Dennis Smith Jr.;PG;2022;24;37;15;22;0.405;17.3;2.1;5.1;0.418;0.2;0.7;0.222;1.1;1.7;0.656;0.5;1.8;2.4;3.6;1.4;1.2;0.3;0.5;1.4;1.4;5.6;-3.7;0;0;110.6;0.107;0.16;0.378;0.2;5.5;4.2;3.5;14.8;0.051
Denzel Valentine;SG;2022;28;24;14;10;0.583;9.2;1;2.8;0.379;0.8;2;0.404;0;0;0;0.4;1.4;1.8;0.5;0.5;0.3;0;0;0.8;0.1;2.9;-1.1;0;0;107;0.15;0.216;0.229;0;3.1;2.5;2.6;8.8;0.037
Derrick Favors;C;2022;30;39;15;24;0.385;16.7;2.4;4.7;0.516;0.1;0.4;0.125;0.4;0.6;0.64;1.5;3.2;4.7;0.6;0.2;0.4;0.3;0.2;1.6;0.7;5.3;-3.7;1;0;106.5;0.178;0.238;0.179;0.245;5.1;3.7;3.4;13.9;0.068
Derrick Jones Jr.;SF;2022;25;51;28;23;0.549;17.6;2.1;3.8;0.538;0.4;1.2;0.328;1.1;1.4;0.8;1.2;2.1;3.3;0.6;0.6;0.5;0.6;0.4;2.1;1.3;5.6;0.8;0;0;110.1;0.121;0.172;0.176;0.388;5.3;5.1;4.2;18.5;0.054
Derrick Rose;PG;2022;33;26;11;15;0.423;24.5;4.7;10.5;0.445;1.4;3.5;0.402;1.2;1.2;0.968;0.8;2.2;3;4;1.5;0.8;0.5;0.7;0.6;1;12;3.5;0;0;103.3;0.08;0.124;0.222;0.145;7.1;6.5;4.3;19.8;0.122
Derrick White;SG;2022;27;75;40;35;0.533;29.3;4.5;10.7;0.421;1.5;4.9;0.312;2.7;3.1;0.864;0.5;3;3.5;4.9;1.6;0.9;0.8;0.4;2.3;3.6;13.2;2.7;2;0;106.4;0.094;0.141;0.189;0.23;8.3;8.9;6.7;29.6;0.123
Desmond Bane;SG;2022;23;76;53;23;0.697;29.8;6.7;14.5;0.461;3;6.9;0.436;1.8;2;0.903;0.6;3.8;4.4;2.7;1.5;1.2;0.4;0.9;2.6;1.5;18.2;4.8;0;0;107.8;0.118;0.173;0.207;0.093;8.6;8;8.5;28.3;0.109
Devin Booker;SG;2022;25;68;56;12;0.824;34.5;9.7;20.9;0.466;2.7;7;0.383;4.6;5.3;0.868;0.7;4.4;5;4.8;2.4;1.1;0.4;0.9;2.6;4.6;26.8;6.9;5;0;108.1;0.117;0.171;0.186;0.127;10.4;10.8;8.2;32.8;0.124
Devin Cannady;PG;2022;25;5;2;3;0.4;28.9;3;8.8;0.341;3;7.4;0.405;1;1.4;0.714;0.2;1;1.2;2;1;1;0.6;0.6;1.8;0.6;10;-2.2;0;0;109.6;0.032;0.044;0.278;0.3;8.8;8.2;6.8;26.8;0.09
Devin Vassell;SF;2022;21;71;29;42;0.408;27.3;4.6;10.8;0.427;1.9;5.4;0.361;1.2;1.4;0.838;0.6;3.7;4.3;1.9;0.8;1.1;0.6;0.4;2;1.3;12.3;0.5;1;0;110.2;0.128;0.195;0.235;0.207;9.1;7.7;6.5;28;0.082
Devon Dotson;PG;2022;22;11;5;6;0.455;7.7;1;2.1;0.478;0.2;0.8;0.222;0.5;0.8;0.556;0.1;0.7;0.8;1.4;0.5;0.1;0;0.2;1;0.6;2.6;-0.2;0;0;112;0.105;0.145;0.143;0;2.7;1.8;1.6;6.7;0.019
Devontae Cacok;PF;2022;25;15;5;10;0.333;8.1;1.4;2.1;0.677;0;0;0;0.3;0.5;0.571;0.5;2.3;2.8;0.4;0.2;0.5;0.5;0.1;1.1;0.5;3.1;-0.1;0;0;106.1;0.279;0.41;0.381;0.412;2;1.7;0.9;7.5;0.035
Devonte' Graham;PG;2022;27;76;34;42;0.447;28.4;3.9;10.7;0.363;2.5;7.4;0.341;1.6;1.8;0.843;0.5;1.8;2.3;4.2;1.4;0.9;0.2;0.3;1.3;1.8;11.9;0.5;0;0;111.1;0.064;0.092;0.203;0.065;9.1;7.3;6.8;26.2;0.077
Dewayne Dedmon;C;2022;32;67;43;24;0.642;15.9;2.4;4.3;0.566;0.3;0.7;0.404;1.1;1.5;0.75;1.6;4.2;5.8;0.7;1;0.4;0.6;0.3;2.6;1.4;6.3;0.7;3;0;106;0.251;0.379;0.161;0.532;6;4.5;3.7;13.7;0.068
Didi Louzada;SF;2022;22;9;0;9;0;14.4;1.3;3.7;0.364;1;2.6;0.391;0.2;0.2;1;0.6;1.3;1.9;0.6;0.6;0.2;0.2;0.3;1.4;0.2;3.9;-9;0;0;112.1;0.096;0.174;0.059;0.182;6.4;6.2;5.2;15.8;0.035
Dillon Brooks;SF;2022;26;32;22;10;0.688;27.7;7.1;16.4;0.432;1.4;4.7;0.309;2.8;3.3;0.849;0.9;2.3;3.2;2.8;1.6;1.1;0.3;0.8;3.3;3.4;18.4;6.4;0;0;105.9;0.08;0.117;0.19;0.072;7.5;6.6;7.5;25.3;0.118
Domantas Sabonis;PF;2022;26;62;21;41;0.339;34.4;7.1;12.5;0.573;0.6;2;0.312;4;5.4;0.741;3.2;8.9;12.1;5.2;3.1;1;0.4;0.7;3.3;5.2;18.9;-0.2;46;5;110.1;0.264;0.362;0.193;0.132;11.7;8.6;9.2;34.9;0.102
Donovan Mitchell;PG;2022;25;67;41;26;0.612;33.8;9.2;20.5;0.448;3.5;9.8;0.355;4;4.7;0.853;0.8;3.4;4.2;5.3;3;1.5;0.2;0.7;2.4;4.1;25.9;4.1;3;0;111.7;0.096;0.139;0.281;0.05;11.5;9.5;8;32.8;0.086
Donte DiVincenzo;SG;2022;25;42;21;21;0.5;23.9;2.8;8;0.351;1.8;5.2;0.339;1.7;2;0.843;1;3.1;4;2.8;1.7;1.1;0.2;0.3;1.6;1.9;9;-1.8;0;0;111.2;0.125;0.186;0.314;0.09;8;7.2;5.7;23;0.066
Dorian Finney-Smith;PF;2022;29;80;51;29;0.638;33;4.1;8.7;0.471;2.2;5.4;0.395;0.7;1;0.675;1.5;3.2;4.7;1.9;1;1.1;0.5;0.3;2.3;0.9;11;3;1;0;110.4;0.095;0.138;0.244;0.193;9.3;8.7;8.1;32.2;0.095
Doug McDermott;PF;2022;30;51;21;30;0.412;24;4.2;9.1;0.462;2.1;5;0.422;0.8;1;0.784;0.4;1.9;2.3;1.3;0.8;0.3;0.1;0.5;1.5;0.9;11.3;-0.7;0;0;114.1;0.076;0.113;0.073;0.054;7.8;7.8;6.7;26.6;0.044
Draymond Green;PF;2022;32;46;34;12;0.739;28.9;2.9;5.6;0.525;0.3;1.2;0.296;1.3;2;0.659;1;6.3;7.3;7;3;1.3;1.1;0.3;3;2;7.5;4.2;4;1;102.8;0.204;0.285;0.25;0.357;10.4;6.7;6.6;25.1;0.152
Drew Eubanks;C;2022;25;71;19;52;0.268;17.5;3.1;5.2;0.596;0.1;0.3;0.217;1.4;1.8;0.762;1.8;3.5;5.4;1.2;1.1;0.4;0.6;0.4;1.7;2.1;7.7;-4.6;7;0;115.9;0.197;0.305;0.144;0.32;6.7;5.9;5.2;18.1;0.023
Duane Washington Jr.;C;2022;22;48;12;36;0.25;20.2;3.6;8.9;0.405;1.7;4.5;0.377;1;1.3;0.754;0.1;1.6;1.7;1.8;1.2;0.5;0.1;0.6;1.4;1.4;9.9;-2.6;0;0;116.1;0.082;0.123;0.188;0.028;7.9;5.4;6;21.5;0.026
Duncan Robinson;SF;2022;28;79;52;27;0.658;25.9;3.7;9.2;0.399;2.9;7.9;0.372;0.6;0.8;0.836;0.3;2.3;2.6;1.6;0.8;0.5;0.2;0.2;2.5;1;10.9;1.3;0;0;107.9;0.089;0.126;0.128;0.114;8.4;6.3;6.6;21.6;0.094
Dwight Howard;C;2022;36;60;21;39;0.35;16.2;2.2;3.7;0.612;0.1;0.3;0.533;1.6;2.4;0.658;2;4;5.9;0.6;0.8;0.6;0.6;0.4;1.9;2;6.2;-2.1;5;0;115;0.246;0.356;0.225;0.434;5.7;4;5.3;16.8;0.025
Dwight Powell;C;2022;30;82;52;30;0.634;21.9;3.3;4.9;0.671;0.2;0.5;0.351;2;2.6;0.783;2.1;2.8;4.9;1.2;0.8;0.5;0.5;0.3;2.7;3;8.7;0.9;2;0;110.6;0.134;0.194;0.146;0.298;7.1;5.9;5.3;22.2;0.062
Dylan Windler;SF;2022;25;50;28;22;0.56;9.2;0.7;2;0.378;0.4;1.4;0.3;0.3;0.4;0.833;0.4;1.4;1.8;0.7;0.3;0.3;0.1;0.1;0.9;0.4;2.2;-0.2;0;0;101.6;0.146;0.21;0.2;0.1;3.4;2.7;2.1;8.9;0.051
Ed Davis;C;2022;32;31;15;16;0.484;6.5;0.4;0.5;0.688;0;0;0;0.2;0.5;0.429;0.5;1.6;2.1;0.2;0.2;0.1;0.3;0;1.1;0.4;0.9;0.5;0;0;94.9;0.23;0.321;0.1;0.643;2.5;1.4;1.6;4.8;0.049
Elfrid Payton;PG;2022;28;50;39;11;0.78;11;1.3;3.5;0.383;0.1;0.4;0.222;0.2;0.6;0.375;0.4;1.3;1.8;2;0.9;0.5;0.1;0.6;0.8;0.6;3;-0.9;0;0;105;0.115;0.165;0.266;0.133;4;2.9;2.8;9.4;0.05
Elijah Hughes;SF;2022;24;36;15;21;0.417;12.1;1.3;4;0.326;0.7;2.6;0.263;0.2;0.3;0.778;0.2;1.4;1.6;0.6;0.5;0.4;0.2;0.1;1.1;0.6;3.5;-6.4;0;0;121.8;0.118;0.182;0.206;0.222;5.6;4.1;4.4;13.1;-0.006
Enes Freedom;C;2022;29;35;20;15;0.571;11.8;1.5;2.8;0.526;0.1;0.1;0.4;0.7;0.8;0.857;1.7;2.8;4.6;0.2;0.6;0.1;0.4;0.5;1.2;0.8;3.7;2;2;0;103.8;0.219;0.302;0.089;0.35;3.5;3.3;2.7;9.9;0.057
Eric Bledsoe;SG;2022;32;54;27;27;0.5;25.2;3.6;8.7;0.421;0.9;3;0.313;1.6;2.2;0.761;0.5;2.9;3.4;4.2;2.1;1.3;0.4;0.4;1.6;2.7;9.9;-0.7;2;0;106.4;0.105;0.16;0.315;0.167;9;7.9;6.7;25.8;0.103
Eric Gordon;SG;2022;33;57;19;38;0.333;29.3;4.7;9.9;0.475;2.2;5.3;0.412;1.8;2.4;0.778;0.3;1.7;2;2.7;1.9;0.5;0.3;0.4;1.1;1.8;13.4;-3.1;0;0;113.6;0.056;0.083;0.126;0.115;12.2;8.9;8.4;31.4;0.058
Eric Paschall;PF;2022;25;58;36;22;0.621;12.7;2;4.1;0.485;0.7;1.9;0.37;1.1;1.5;0.767;0.5;1.3;1.8;0.6;0.5;0.2;0.1;0.4;0.9;1;5.8;-0.5;0;0;111.3;0.1;0.144;0.09;0.077;4.7;3.8;3.5;12.9;0.034
Eugene Omoruyi;SG;2022;25;4;1;3;0.25;4.5;0.5;1.3;0.4;0.3;0.5;0.5;0.5;1;0.5;0.5;1.3;1.8;0.5;0;0;0;0;0.5;0.5;1.8;0.8;0;0;88.1;0.278;0.385;0;0;3.5;0;1;3;0.05
Evan Fournier;SG;2022;29;80;36;44;0.45;29.5;5;12.1;0.417;3;7.7;0.389;1;1.4;0.708;0.4;2.2;2.6;2.1;1.3;1;0.3;0.4;2.3;1.2;14.1;-1.2;0;0;112.5;0.073;0.105;0.248;0.084;9.8;7.9;8.3;28.4;0.068
Evan Mobley;SG;2022;20;69;40;29;0.58;33.8;6.1;12;0.508;0.3;1.3;0.25;2.4;3.7;0.663;2.1;6.2;8.3;2.5;1.9;0.8;1.7;0.7;2.1;3;15;1.4;21;0;106.8;0.174;0.262;0.167;0.481;11.9;8.9;8.2;32.1;0.134
Facundo Campazzo;PG;2022;31;65;38;27;0.585;18.2;1.6;4.6;0.361;0.9;3;0.301;0.9;1.2;0.769;0.4;1.4;1.8;3.4;1;1;0.4;0.1;1.9;1.7;5.1;-3.3;2;0;110.7;0.08;0.114;0.325;0.235;6.7;4.2;4;17.3;0.051
Frank Jackson;PG;2022;24;53;9;44;0.17;22;3.7;9.1;0.402;1.6;5.3;0.308;1.6;2;0.827;0.4;1.3;1.6;1;0.7;0.5;0.2;0.5;1.7;1.6;10.6;-3.5;0;0;110.9;0.058;0.089;0.142;0.067;7.4;5.6;5.3;22.6;0.062
Frank Kaminsky;C;2022;29;9;8;1;0.889;20.1;4;7.3;0.545;0.6;1.7;0.333;2;2.2;0.9;1.2;3.3;4.6;1.4;0.6;0.9;0.8;0.3;1.6;2.1;10.6;4.3;0;0;96;0.144;0.219;0.186;0.318;5.9;6.4;5;22.2;0.15
Frank Ntilikina;PG;2022;23;58;34;24;0.586;11.8;1.5;3.8;0.399;0.7;1.9;0.342;0.4;0.4;0.96;0.2;1.2;1.4;1.2;0.5;0.5;0.1;0.2;1.1;0.6;4.1;1.1;0;0;102.3;0.094;0.138;0.233;0.121;3.5;3.3;3.2;11.1;0.064
Franz Wagner;PG;2022;20;79;21;58;0.266;30.7;5.8;12.3;0.468;1.2;3.4;0.354;2.4;2.8;0.863;1.1;3.4;4.5;2.9;1.5;0.9;0.4;1.1;2.1;2.4;15.2;-3.1;2;0;110.8;0.106;0.15;0.206;0.145;10.3;8.3;7.7;27.1;0.086
Fred VanVleet;SG;2022;28;65;39;26;0.6;37.9;6.8;16.9;0.403;3.7;9.9;0.377;3;3.4;0.874;0.7;3.8;4.4;6.7;2.6;1.7;0.5;0.8;2.5;3;20.3;3.3;10;1;108.5;0.1;0.151;0.246;0.155;11.3;10.7;9;35.1;0.131
Freddie Gillespie;PF;2022;24;9;1;8;0.111;13.2;1;2.4;0.409;0;0.1;0;0.3;0.8;0.429;1.4;2.6;4;0.6;0.6;0.3;1;0.6;2;1.8;2.3;-3.2;0;0;110.4;0.183;0.303;0.167;0.529;3;4.3;2.4;10.7;0.037
Furkan Korkmaz;SG;2022;24;67;44;23;0.657;21.1;2.7;7;0.387;1.1;4;0.289;1;1.3;0.81;0.3;2.3;2.6;1.9;0.7;0.5;0.1;0.3;0.9;1.3;7.6;0.5;1;0;108;0.104;0.158;0.14;0.057;6.7;6.7;6.2;20.4;0.077
Gabe Vincent;PG;2022;25;68;47;21;0.691;23.4;3.1;7.5;0.417;1.8;4.8;0.368;0.6;0.8;0.815;0.3;1.5;1.9;3.1;1.4;0.9;0.2;0.3;2.3;1.3;8.7;1.5;0;0;106;0.064;0.096;0.253;0.104;7.7;6.4;6;19.6;0.099
Gabriel Deck;PF;2022;27;7;2;5;0.286;7.9;1.1;2;0.571;0.3;0.6;0.5;0;0;0;0.1;0.7;0.9;0.7;0.3;0.1;0;0;0.3;0;2.6;-2;0;0;113.6;0.077;0.119;0.25;0;4.6;3.3;3.9;8.6;0.016
Gabriel Lundberg;PF;2022;27;4;1;3;0.25;11.1;1.3;4.8;0.263;0.8;2;0.375;0;0;0;0.5;1.3;1.8;2.8;0.8;0.8;0;0.5;1.8;0.8;3.3;4.8;0;0;103.1;0.119;0.172;0.214;0;5;2;1;9;0.058
Garrett Temple;SG;2022;36;59;23;36;0.39;18.6;1.9;5;0.376;1;3.1;0.319;0.5;0.7;0.683;0.5;1.9;2.4;1.3;0.7;0.7;0.4;0.2;1.4;0.9;5.2;-5.5;0;0;114.7;0.106;0.156;0.247;0.25;6.9;5.5;4.6;17.7;0.031
Garrison Mathews;SG;2022;25;65;19;46;0.292;26.3;2.8;7.1;0.399;2.1;5.9;0.36;2.2;2.8;0.794;0.5;2.4;2.9;1;0.6;0.9;0.4;0.2;2.6;2.6;10;-3.4;0;0;116.5;0.093;0.142;0.227;0.154;11.4;8.4;8.5;29.3;0.029
Gary Clark;PF;2022;27;38;20;18;0.526;10;0.9;2.3;0.375;0.7;1.8;0.4;0.2;0.3;0.7;0.6;1.8;2.4;0.5;0.3;0.3;0.2;0.2;0.5;0.2;2.7;-0.5;0;0;107.8;0.174;0.265;0.191;0.152;3.4;3.5;1.6;9.1;0.038
Gary Harris;SG;2022;27;61;16;45;0.262;28.4;3.9;9.1;0.434;1.9;5;0.384;1.4;1.6;0.874;0.6;1.4;2;1.8;1;1;0.1;0.5;1.8;1.2;11.1;-3.4;0;0;110.1;0.048;0.07;0.215;0.056;9.8;7.7;7.3;26.9;0.085
Gary Payton II;PG;2022;29;71;47;24;0.662;17.6;3;4.8;0.616;0.6;1.7;0.358;0.5;0.8;0.603;1;2.5;3.5;0.9;0.6;1.4;0.3;0.1;1.8;0.7;7.1;2.5;1;0;102.3;0.132;0.195;0.344;0.164;5.9;4.8;4;16.1;0.095
Gary Trent Jr.;SG;2022;23;70;44;26;0.629;35;6.4;15.5;0.414;3;7.8;0.383;2.5;2.9;0.853;0.4;2.4;2.7;2;1;1.7;0.3;0.6;2.1;2.2;18.3;2.4;0;0;110.2;0.07;0.103;0.266;0.084;9.5;10.1;8.6;34.3;0.104
George Hill;PG;2022;36;54;36;18;0.667;23.2;2.2;5.1;0.429;0.8;2.5;0.306;1.1;1.1;0.919;0.7;2.2;2.9;2.2;0.8;0.8;0.1;0.3;1.3;1.1;6.2;5.8;0;0;100.8;0.084;0.121;0.192;0.058;6.6;6;5.1;20;0.134
George King;PG;2022;28;4;2;2;0.5;4.8;0;1.3;0;0;1;0;0.3;0.5;0.5;0;1.3;1.3;0;0.3;0;0;0.3;1;0.3;0.3;-6.8;0;0;150;0.25;0.455;0;0;4.3;3.3;2.5;7;-0.046
Georges Niang;PF;2022;28;76;48;28;0.632;22.8;3.2;7.4;0.437;2.1;5.1;0.403;0.7;0.8;0.881;0.3;2.3;2.7;1.3;0.8;0.4;0.2;0.4;2.5;0.8;9.2;0.9;0;0;109;0.097;0.144;0.123;0.073;7.8;5.9;7.2;20.8;0.077
Georgios Kalaitzakis;PF;2022;23;13;8;5;0.615;16.4;2.4;5.2;0.463;0.8;2;0.385;1.1;2.3;0.467;0.5;1.2;1.6;0.9;1.5;0.8;0.2;0;1.5;1.6;6.6;-10.3;0;0;124.9;0.074;0.115;0.379;0.1;6.4;5.8;6.5;18.9;-0.022
Giannis Antetokounmpo;PF;2022;27;67;45;22;0.672;32.9;10.3;18.6;0.553;1.1;3.6;0.293;8.3;11.4;0.722;2;9.6;11.6;5.8;3.3;1.1;1.4;0.9;3.2;8.8;29.9;5.9;46;4;107.9;0.267;0.366;0.202;0.467;10.3;8.1;6.6;28.3;0.122
Goga Bitadze;C;2022;22;50;17;33;0.34;14.6;2.6;5;0.52;0.5;1.6;0.288;1.3;1.9;0.681;1.6;2;3.5;1.1;0.9;0.4;0.8;0.5;2.1;1.7;7;-0.6;2;0;116.4;0.139;0.215;0.184;0.494;5.6;4.2;4.6;16.9;0.017
Goran Dragic;C;2022;36;21;10;11;0.476;23.7;2.7;7.2;0.377;0.8;3;0.254;1.3;1.6;0.818;0.6;2.5;3.1;4.1;1.6;0.9;0.2;0.4;2.1;1.8;7.5;0.3;0;0;111.7;0.104;0.166;0.2;0.074;9.1;6.2;7.5;23.8;0.061
Gordon Hayward;SF;2022;32;49;26;23;0.531;31.9;5.8;12.6;0.459;1.8;4.5;0.391;2.6;3;0.846;0.8;3.8;4.6;3.6;1.7;1;0.4;0.6;1.7;2.9;15.9;-0.4;1;0;111;0.114;0.17;0.16;0.145;10.1;9.7;9.4;31.9;0.088
Gorgui Dieng;C;2022;32;44;23;21;0.523;8.4;1.2;2.5;0.473;0.7;1.5;0.426;0.4;0.6;0.731;0.7;2;2.8;0.8;0.5;0.3;0.3;0.1;1.2;0.7;3.5;-1.4;0;0;109.5;0.238;0.34;0.212;0.433;3.3;2;2.2;8.1;0.027
Grant Williams;PF;2022;23;77;49;28;0.636;24.4;2.7;5.6;0.475;1.4;3.4;0.411;1.1;1.2;0.905;0.8;2.7;3.6;1;0.8;0.5;0.7;0.2;2.4;1.3;7.8;1.9;1;0;108;0.107;0.16;0.14;0.237;8.5;6.1;6.1;22.7;0.089
Grayson Allen;SG;2022;26;66;43;23;0.652;27.3;3.9;8.6;0.448;2.4;5.9;0.409;1;1.1;0.865;0.5;2.9;3.4;1.5;0.7;0.7;0.3;0.4;1.5;1;11.1;3.5;0;0;107.5;0.097;0.136;0.156;0.11;8.7;7.1;6.2;24;0.103
Greg Brown III;SG;2022;20;48;14;34;0.292;13.3;1.7;4;0.426;0.4;1.3;0.311;0.9;1.4;0.677;0.8;2;2.8;0.7;0.8;0.5;0.5;0.4;1.9;1.1;4.7;-5;0;0;116.8;0.15;0.231;0.26;0.407;5.8;4;4.8;12.5;0.014
Greg Monroe;SG;2022;31;14;7;7;0.5;13.9;2.3;4.1;0.561;0;0;0;0.9;1.6;0.522;2.1;2.4;4.6;1.6;0.9;0.6;0.7;0.7;1.7;1.3;5.4;0.4;0;0;108.9;0.176;0.254;0.229;0.435;4.4;4.6;3.5;13.9;0.047
Hamidou Diallo;SF;2022;23;58;14;44;0.241;21.9;4.5;9.1;0.496;0.4;1.6;0.247;1.6;2.4;0.65;1.2;3.6;4.8;1.3;1;1.2;0.3;0.4;2.5;2.2;11;-3.6;5;0;110.7;0.162;0.245;0.316;0.148;7.1;5.9;4.8;21.2;0.063
Harrison Barnes;PF;2022;29;77;27;50;0.351;33.6;5.1;10.8;0.469;1.8;4.7;0.394;4.4;5.4;0.826;1.1;4.5;5.6;2.4;1.5;0.7;0.2;0.6;1.2;4;16.4;-4.9;5;0;116.7;0.135;0.196;0.148;0.062;12.5;10.2;10.2;37.1;0.035
Hassan Whiteside;C;2022;32;65;40;25;0.615;17.9;3.3;5.1;0.652;0;0;0;1.6;2.6;0.623;2.6;5;7.6;0.4;0.8;0.3;1.6;0.5;2.8;2.4;8.2;3.5;14;0;109;0.275;0.389;0.117;0.715;6.8;4.8;4.7;17.6;0.06
Hassani Gravett;C;2022;25;8;2;6;0.25;21.4;2.3;4.8;0.474;1.4;3.3;0.423;0.4;0.5;0.75;0.1;2.5;2.6;2.5;1.1;0.6;0.1;0.4;1.6;1;6.3;-0.3;0;0;107.6;0.114;0.183;0.172;0.083;5.9;5.8;4.1;16.8;0.076
Haywood Highsmith;C;2022;25;19;13;6;0.684;8.6;0.8;2.4;0.348;0.5;1.5;0.321;0.1;0.3;0.4;0.5;0.8;1.4;0.3;0.2;0.1;0.2;0.2;0.7;0.2;2.3;-1.9;0;0;114;0.097;0.139;0.105;0.3;3.3;2.8;1.4;8.1;0.017
Herbert Jones;PF;2022;23;78;36;42;0.462;29.9;3.5;7.4;0.476;0.7;2.2;0.337;1.8;2.1;0.84;1.3;2.5;3.8;2.1;1.3;1.7;0.8;0.7;3.1;1.8;9.5;0.9;1;0;110.2;0.086;0.121;0.306;0.297;9.4;7.6;6.3;27.4;0.089
Ignas Brazdeikis;SF;2022;23;42;9;33;0.214;12.8;1.9;4.5;0.431;0.6;2.1;0.31;0.5;0.8;0.656;0.5;1.2;1.7;0.9;0.4;0.2;0.1;0.3;1.1;0.8;5;-4.1;0;0;116.4;0.09;0.129;0.161;0.064;4.6;4.1;3.4;12.8;0.015
Immanuel Quickley;PG;2022;22;78;35;43;0.449;23.1;3.6;9.3;0.392;1.8;5.1;0.346;2.3;2.6;0.881;0.4;2.8;3.2;3.5;1.3;0.7;0;0.4;2.1;2;11.3;3.4;4;2;104.8;0.114;0.165;0.195;0.018;6.4;5.7;3.7;18.4;0.104
Isaac Bonga;SF;2022;22;15;9;6;0.6;4.6;0.2;0.9;0.231;0.1;0.3;0.25;0.3;0.5;0.625;0.3;0.2;0.5;0.3;0.1;0.5;0.1;0.1;0.7;0.3;0.8;-2.1;0;0;106.7;0.038;0.067;0.421;0.333;1.1;1.8;0.7;3.9;0.02
Isaac Okoro;SG;2022;21;67;34;33;0.507;29.6;3.1;6.4;0.48;0.8;2.3;0.35;1.8;2.3;0.768;1.1;1.9;3;1.8;0.9;0.8;0.3;0.5;2.4;1.9;8.8;1.5;0;0;109.3;0.065;0.092;0.196;0.12;10.4;7.2;7.3;29.5;0.096
Isaiah Hartenstein;C;2022;24;68;37;31;0.544;17.9;3.4;5.4;0.626;0.2;0.4;0.467;1.3;1.9;0.689;1.7;3.2;4.9;2.4;1.2;0.7;1.1;0.3;2.5;2;8.3;2.5;2;0;105;0.158;0.242;0.244;0.503;6.7;6.1;4.9;18.4;0.082
Isaiah Jackson;C;2022;20;36;9;27;0.25;15;3.2;5.7;0.563;0.1;0.4;0.313;1.7;2.4;0.682;1.7;2.5;4.1;0.3;1.1;0.7;1.4;0.3;2.6;2;8.3;-1.1;3;0;116.1;0.157;0.237;0.278;0.642;6.3;4.7;4.1;16.1;0.019
Isaiah Joe;SG;2022;22;55;35;20;0.636;11.1;1.1;3.2;0.35;0.8;2.5;0.333;0.5;0.6;0.935;0.1;0.9;1;0.6;0.3;0.3;0.1;0.1;0.9;0.6;3.6;0.4;0;0;106.5;0.079;0.123;0.133;0.042;3.9;3.2;2.9;9.8;0.046
Isaiah Livers;SG;2022;23;19;8;11;0.421;20.2;2.2;4.7;0.456;1.4;3.4;0.422;0.6;0.7;0.857;0.8;2.2;3;1.1;0.8;0.7;0.4;0.2;1.9;0.6;6.4;-0.5;1;0;114.6;0.109;0.17;0.191;0.206;6.9;4.9;4.8;22.7;0.033
Isaiah Roby;PF;2022;24;45;10;35;0.222;21.1;3.7;7.2;0.514;1;2.2;0.444;1.7;2.6;0.672;1.7;3.2;4.8;1.6;1;0.8;0.8;0.5;2.4;2.1;10.1;-4.1;4;0;113.4;0.145;0.212;0.228;0.337;7.4;6;5.1;23.2;0.044
Isaiah Stewart;C;2022;20;71;21;50;0.296;25.6;3.5;6.9;0.51;0.2;0.6;0.326;1;1.5;0.718;3.2;5.5;8.7;1.2;1.2;0.3;1.1;0.5;3;1.7;8.3;-5.2;12;0;112.1;0.217;0.312;0.085;0.426;8.6;6.5;5.9;25.1;0.061
Isaiah Thomas;PG;2022;33;22;12;10;0.545;15.2;3;7.6;0.401;1.3;3.8;0.337;1;1.2;0.846;0.2;1.1;1.3;1.5;0.7;0.3;0.2;0.4;1.5;1;8.4;-0.5;0;0;109;0.071;0.111;0.125;0.128;5.5;5;4.5;13.9;0.051
Isaiah Todd;PG;2022;20;12;1;11;0.083;6.2;0.6;2.2;0.269;0.3;1.3;0.25;0.2;0.5;0.333;0.3;0.8;1;0.3;0.3;0.3;0.2;0.3;0.3;0.3;1.7;-2;0;0;103.2;0.123;0.176;0.444;0.25;1.8;1.7;2.4;6.2;0.031
Ish Smith;PG;2022;33;65;27;38;0.415;17.3;2.8;6.6;0.43;0.4;1;0.373;0.2;0.4;0.625;0.4;1.8;2.2;3.8;1.2;0.7;0.4;0.3;1.2;0.7;6.3;-2.4;1;0;113.8;0.1;0.156;0.267;0.183;5.9;5.2;4.9;16.3;0.034
Ish Wainright;PG;2022;27;45;36;9;0.8;8;0.9;2.3;0.394;0.4;1.3;0.322;0.2;0.3;0.583;0.6;0.6;1.2;0.3;0.3;0.4;0.1;0.2;1.1;0.4;2.4;0.9;0;0;100.6;0.072;0.1;0.308;0.14;3;1.6;1.4;6.5;0.047
Ivica Zubac;C;2022;25;76;40;36;0.526;24.4;4.1;6.5;0.626;0;0;0;2.2;3;0.727;2.9;5.6;8.5;1.6;1.5;0.5;1;0.6;2.7;2.7;10.3;-1.7;25;0;112.2;0.223;0.321;0.138;0.47;8.3;6.9;6.9;25.3;0.057
JT Thor;PG;2022;19;33;18;15;0.545;7.9;0.7;1.7;0.436;0.2;0.8;0.259;0.4;0.6;0.6;0.3;1;1.3;0.6;0.3;0.2;0.3;0.1;0.8;0.5;2;-0.2;0;0;106.9;0.111;0.172;0.2;0.297;2.8;2.2;2.8;8.5;0.032
Ja Morant;PG;2022;22;57;36;21;0.632;33.1;10.2;20.6;0.493;1.5;4.5;0.344;5.5;7.3;0.761;1.4;4.4;5.7;6.7;3.4;1.2;0.4;1.7;1.5;5.8;27.4;3.3;10;1;111.2;0.124;0.178;0.19;0.089;10.3;8.5;9;33.1;0.089
JaMychal Green;PF;2022;31;67;36;31;0.537;16.2;2.4;4.9;0.486;0.5;1.9;0.266;1.2;1.4;0.871;1.2;3;4.2;0.9;0.9;0.6;0.4;0.5;2.4;1.2;6.4;-1.3;1;0;110.3;0.187;0.268;0.243;0.299;6;3.8;4.3;16.2;0.048
JaVale McGee;C;2022;34;74;57;17;0.77;15.8;3.9;6.2;0.629;0;0.1;0.222;1.4;2;0.699;2.2;4.5;6.7;0.6;1.3;0.3;1.1;0.3;2.4;2.1;9.2;1.6;10;0;104.6;0.266;0.38;0.113;0.57;5.6;3.9;4;15;0.074
Jabari Parker;PF;2022;27;12;4;8;0.333;9.4;1.5;3.2;0.474;0.7;1.3;0.5;0.8;0.8;1;0.4;1.9;2.3;0.5;0.7;0.3;0.1;0.2;1.1;0.4;4.4;-0.6;0;0;104.7;0.18;0.299;0.267;0.083;3;2.9;2.3;10.3;0.044
Jaden McDaniels;PF;2022;21;70;40;30;0.571;25.8;3.6;7.9;0.46;1.1;3.6;0.317;0.8;1;0.803;1.1;3.1;4.2;1.1;1.1;0.7;0.8;0.4;3.2;1.2;9.2;0;0;0;109.3;0.115;0.174;0.163;0.24;8.7;7.7;7;23.4;0.084
Jae Crowder;PF;2022;31;67;54;13;0.806;28.1;3.2;8.1;0.399;1.9;5.4;0.348;1.1;1.3;0.789;0.4;4.8;5.3;1.9;0.8;1.4;0.4;0.1;2.6;1.2;9.4;5.9;1;0;105.9;0.16;0.235;0.265;0.21;7.2;8.1;6.4;26.5;0.119
Jae'Sean Tate;SF;2022;26;78;19;59;0.244;26.4;4.7;9.3;0.498;0.8;2.6;0.312;1.7;2.4;0.707;1.7;3.7;5.4;2.8;1.8;0.9;0.5;0.7;3.7;2.4;11.8;-5.2;7;0;114.2;0.135;0.203;0.244;0.228;11.3;7.8;8.1;28.2;0.047
Jahmi'us Ramsey;SG;2022;20;19;2;17;0.105;7;1.3;3.1;0.414;0.3;0.9;0.278;0.4;0.7;0.5;0.2;0.5;0.7;0.4;0.3;0.1;0.1;0.2;0.5;0.5;3.2;-1.1;0;0;118.5;0.068;0.102;0.071;0.091;2.7;2.4;2.3;7.6;0.004
Jake Layman;SF;2022;28;34;20;14;0.588;6.8;0.9;2.1;0.411;0.2;1;0.229;0.4;0.5;0.722;0.2;0.9;1.1;0.3;0.3;0.2;0.1;0.1;0.4;0.4;2.4;-0.3;0;0;108.7;0.123;0.178;0.167;0.2;2.3;2.1;1.6;6.1;0.024
Jakob Poeltl;C;2022;26;68;30;38;0.441;29;6;9.8;0.618;0;0;1;1.4;2.8;0.495;3.9;5.5;9.3;2.8;1.6;0.7;1.7;0.6;3.1;2.8;13.5;1.7;28;0;111.8;0.184;0.274;0.147;0.554;8;8.7;6.6;30.4;0.072
Jalen Brunson;PG;2022;25;79;50;29;0.633;31.9;6.4;12.8;0.502;1.2;3.2;0.373;2.3;2.7;0.84;0.5;3.4;3.9;4.8;1.6;0.8;0;0.5;1.9;3.4;16.3;2.9;7;0;109.4;0.105;0.153;0.197;0.014;9.1;8.8;7.7;31.3;0.101
Jalen Green;PG;2022;20;67;12;55;0.179;31.9;6.1;14.2;0.426;2.3;6.8;0.343;2.8;3.5;0.797;0.5;2.9;3.4;2.6;2;0.7;0.3;1.4;1.5;2.9;17.3;-7.7;0;0;116.9;0.088;0.134;0.142;0.09;13.8;9.6;10.9;36.5;0.032
Jalen Johnson;SG;2022;20;22;14;8;0.636;5.5;1;1.9;0.537;0.1;0.6;0.231;0.2;0.3;0.714;0.1;1.1;1.2;0.1;0.4;0.1;0.1;0.1;0.4;0.2;2.4;-0.9;0;0;105.8;0.175;0.273;0.143;0.222;1.6;1.8;1.4;5.4;0.024
Jalen McDaniels;SF;2022;24;55;34;21;0.618;16.3;2.2;4.6;0.484;0.7;2;0.38;1;1.3;0.736;0.7;2.4;3.1;1.1;0.7;0.5;0.4;0.1;1.7;1.2;6.2;0.8;1;0;109.1;0.138;0.212;0.155;0.208;5;5.6;4.8;15.1;0.053
Jalen Smith;PF;2022;22;51;29;22;0.569;18.1;3.5;6.9;0.503;0.8;2.4;0.328;1.5;2;0.765;2;4;6;0.5;0.8;0.3;0.8;0.2;1.9;2.2;9.2;0.6;9;0;109.3;0.216;0.318;0.121;0.398;6.3;4.9;5.2;18.7;0.06
Jalen Suggs;PF;2022;20;48;16;32;0.333;27.2;4.1;11.4;0.361;0.9;4.1;0.214;2.6;3.4;0.773;0.5;3;3.6;4.4;3;1.2;0.4;1;3;3.4;11.8;-4.3;2;0;107.8;0.102;0.147;0.301;0.151;9.2;7.9;7.1;23.5;0.102
James Bouknight;PG;2022;21;31;15;16;0.484;9.8;1.6;4.5;0.348;0.5;1.6;0.347;0.9;1;0.871;0.7;1;1.7;0.8;0.5;0.2;0;0.5;0.9;0.7;4.6;-1.6;0;0;114.2;0.09;0.146;0.132;0.029;3.6;3.7;3;9.5;0.018
James Ennis III;SF;2022;31;7;3;4;0.429;7.9;1.6;3.4;0.458;0.4;1.1;0.375;0.6;0.7;0.8;0.7;1;1.7;0.4;0.3;0.3;0.3;0.1;0.7;0.9;4.1;0;0;0;109.2;0.121;0.189;0.2;0.25;2.7;2.3;1.6;8.6;0.027
James Harden;PG;2022;32;65;40;25;0.615;37.2;6.3;15.3;0.41;2.3;6.9;0.33;7.2;8.2;0.877;0.8;6.8;7.7;10.3;4.4;1.3;0.6;1.4;2.4;5.8;22;2.7;42;11;111.4;0.176;0.257;0.218;0.134;13.1;9.7;11.8;37.3;0.099
James Johnson;PF;2022;35;62;30;32;0.484;19.2;2.3;5;0.469;0.4;1.4;0.271;0.5;0.9;0.527;0.8;2.6;3.5;2.1;0.8;0.5;0.5;0.3;2.6;0.8;5.5;-1;1;0;110.5;0.127;0.198;0.18;0.281;6.8;5.9;4.9;17.6;0.055
Jamorko Pickett;C;2022;24;13;4;9;0.308;13.6;1.4;3.8;0.36;1;3;0.333;0.1;0.2;0.5;0.5;2;2.5;0.5;0.4;0;0.5;0.1;0.9;0.2;3.8;0;0;0;108.8;0.141;0.218;0;0.28;5.4;3.9;3.6;15.8;0.047
Jared Butler;PF;2022;21;42;31;11;0.738;8.6;1.5;3.6;0.404;0.7;2.1;0.318;0.3;0.4;0.688;0.1;1;1.1;1.5;0.8;0.4;0.2;0.1;1.1;0.3;3.8;-0.3;0;0;112.6;0.102;0.154;0.321;0.235;3.5;3;1.9;8.9;0.02
Jared Harper;PG;2022;24;5;2;3;0.4;8.6;2.8;5.2;0.538;1;2.4;0.417;0.8;0.8;1;0.4;0;0.4;2.8;0.4;0.8;0.2;0.2;1;0.6;7.4;1.4;0;0;123.5;0;0;0.4;1;1.4;4.4;1.2;8.4;-0.008
Jaren Jackson Jr.;C;2022;22;78;53;25;0.679;27.3;5.5;13.3;0.415;1.6;5.1;0.319;3.6;4.4;0.823;1.5;4.3;5.8;1.1;1.7;0.9;2.3;1.3;3.5;3.6;16.3;4.6;7;0;106;0.145;0.212;0.17;0.545;7.5;7.3;7.6;25.5;0.116
Jarred Vanderbilt;PF;2022;23;74;41;33;0.554;25.4;2.9;4.9;0.587;0;0.2;0.143;1.2;1.8;0.656;2.9;5.5;8.4;1.3;1;1.3;0.6;0.6;2.4;1.8;6.9;2.2;8;0;110.5;0.212;0.319;0.29;0.212;8.4;7.5;8.1;25;0.073
Jarrett Allen;C;2022;24;56;35;21;0.625;32.3;6.6;9.7;0.677;0;0.2;0.1;2.9;4.2;0.708;3.4;7.3;10.8;1.6;1.7;0.8;1.3;0.6;1.7;4.2;16.1;2.4;32;0;106.7;0.213;0.314;0.167;0.449;12.3;8.4;8.4;31.1;0.128
Jarrett Culver;SG;2022;23;37;28;9;0.757;9.1;1.4;3.6;0.378;0.3;1.3;0.255;0.4;0.9;0.471;0.4;0.9;1.3;0.9;0.5;0.5;0.1;0.2;1.1;0.7;3.5;-0.5;0;0;106.6;0.101;0.149;0.26;0.111;2.9;2.4;3;10.3;0.038
Javonte Green;SG;2022;28;65;38;27;0.585;23.4;2.7;5;0.542;0.6;1.6;0.356;1.2;1.5;0.833;1.4;2.8;4.2;0.9;0.5;1;0.5;0.3;2;1.3;7.2;0.3;0;0;112;0.12;0.172;0.29;0.232;7.4;6.5;5.9;24.1;0.058
Javonte Smart;SG;2022;22;17;11;6;0.647;11.8;1.1;3.5;0.317;0.5;1.6;0.296;0.3;0.4;0.833;0.3;1.1;1.4;0.9;0.6;0.4;0.2;0.5;0.7;0.4;3;-2.5;0;0;110.3;0.094;0.132;0.214;0.176;3.2;3.2;3.4;9.2;0.036
Jaxson Hayes;C;2022;21;70;29;41;0.414;20;3.5;5.7;0.616;0.3;0.8;0.351;2.1;2.7;0.766;1.6;2.9;4.5;0.6;0.8;0.5;0.8;0.3;2.2;2.2;9.3;0.3;4;0;109.2;0.146;0.215;0.125;0.43;6.4;5.7;4.2;19;0.066
Jay Huff;C;2022;24;4;0;4;0;5.1;0;0.8;0;0;0.5;0;0;0;0;0.3;0.8;1;0.3;0.3;0.3;0.3;0;0.3;0.3;0;3.8;0;0;52.2;0.111;0.13;0.2;0.333;0.8;0.8;0.5;1;0.109
Jay Scrubb;SG;2022;21;18;8;10;0.444;6.7;1;2.6;0.391;0.3;1.2;0.286;0.4;0.6;0.7;0.1;0.8;0.9;0.4;0.4;0.2;0.2;0;0.5;0.4;2.7;0.9;0;0;98.6;0.1;0.152;0.148;0.176;3;2.3;2.2;7.3;0.048
Jaylen Brown;SG;2022;25;66;43;23;0.652;33.6;8.7;18.4;0.473;2.5;7;0.358;3.7;4.8;0.758;0.8;5.3;6.1;3.5;2.7;1.1;0.3;1.5;2.5;4.3;23.6;6.9;11;2;103.8;0.145;0.211;0.206;0.066;10;8.5;7.8;28.4;0.165
Jaylen Hoard;SF;2022;23;7;2;5;0.286;34.2;6.3;12.9;0.489;1.3;3.6;0.36;0.9;2;0.429;4.3;7.7;12;2.4;1.1;0.9;0.7;1.4;2;1.4;14.7;-12.4;4;0;119.1;0.228;0.333;0.188;0.2;11.6;11.1;11.3;36.6;0.012
Jaylen Nowell;SG;2022;22;62;37;25;0.597;15.7;3.2;6.7;0.475;1;2.6;0.394;1.2;1.5;0.783;0.4;1.6;2;2.1;0.6;0.4;0.2;0.3;1.2;1.1;8.5;1.1;0;0;111.7;0.1;0.147;0.168;0.093;5.2;4.7;4;14.3;0.04
Jayson Tatum;SF;2022;24;76;49;27;0.645;35.9;9.3;20.6;0.453;3;8.6;0.353;5.3;6.2;0.853;1.1;6.9;8;4.4;2.9;1;0.6;1.1;2.3;4.5;26.9;8.8;22;0;103.4;0.18;0.259;0.179;0.146;10.5;9.1;8.5;30.8;0.179
Jeff Dowtin;SF;2022;25;9;4;5;0.444;12;0.9;2.9;0.308;0.1;1;0.111;0.2;0.2;1;0.9;1.1;2;1.1;0.6;0.6;0.1;0;0.6;0.3;2.1;-2.9;0;0;109.6;0.097;0.127;0.238;0.125;4.4;3;3.1;11.6;0.038
Jeff Green;C;2022;35;75;44;31;0.587;24.7;3.7;7.1;0.524;0.7;2.2;0.315;2.2;2.6;0.833;0.5;2.5;3.1;1.3;0.9;0.4;0.4;0.3;2;2.2;10.3;0.8;1;0;111.5;0.1;0.14;0.104;0.181;9;6.1;6.5;25.8;0.064
Jerami Grant;SF;2022;28;47;11;36;0.234;31.9;6.3;14.9;0.426;1.9;5.4;0.358;4.6;5.5;0.838;0.6;3.5;4.1;2.4;1.8;0.9;1;0.6;2.3;3.9;19.2;-4.7;1;0;110.7;0.108;0.159;0.216;0.312;11.2;8.1;6.8;32.2;0.089
Jeremiah Robinson-Earl;PG;2022;21;49;15;34;0.306;22.2;2.7;6.6;0.414;1.2;3.4;0.352;0.8;1.1;0.741;1.5;4.1;5.6;1;0.8;0.6;0.3;0.5;1.5;1;7.5;-4.9;3;0;110.9;0.172;0.25;0.177;0.165;7.7;6.6;5;21.8;0.061
Jeremy Lamb;SG;2022;29;56;23;33;0.411;16.7;2.4;6.2;0.383;1;3;0.324;1.6;1.9;0.84;0.5;2.3;2.8;1.4;0.7;0.6;0.4;0.2;1.1;1.5;7.3;0.4;0;0;109.7;0.134;0.197;0.231;0.206;5.3;4.9;4.1;17.9;0.052
Jericho Sims;SG;2022;23;41;19;22;0.463;13.5;1;1.3;0.722;0;0;0;0.3;0.7;0.414;1.5;2.6;4.1;0.5;0.5;0.3;0.5;0;1.6;0.8;2.2;1.9;1;0;102.9;0.187;0.263;0.145;0.524;4.3;3.2;2.8;12.5;0.071
Jevon Carter;PG;2022;26;66;39;27;0.591;13.7;1.5;3.8;0.387;1;2.6;0.388;0.2;0.3;0.833;0.2;1.5;1.7;1.5;0.5;0.4;0.2;0.1;1;0.3;4.2;-0.8;0;0;110.3;0.097;0.142;0.212;0.147;4.1;3.7;3.4;13.2;0.04
Jimmy Butler;SF;2022;32;57;38;19;0.667;33.9;7;14.5;0.48;0.5;2;0.233;6.9;8;0.87;1.8;4.1;5.9;5.5;2.1;1.6;0.5;0.6;1.5;5.7;21.4;4.3;12;4;108.4;0.125;0.176;0.297;0.237;11.3;8.5;8.1;29.5;0.118
Jock Landale;SF;2022;26;54;24;30;0.444;10.9;1.9;3.8;0.495;0.5;1.6;0.326;0.6;0.8;0.829;1.2;1.4;2.6;0.8;0.6;0.2;0.3;0.2;1;0.9;4.9;-0.3;1;0;109;0.118;0.174;0.115;0.264;4.1;4.1;3;10.9;0.037
Joe Harris;SF;2022;30;14;10;4;0.714;30.2;4;8.9;0.452;2.9;6.3;0.466;0.4;0.4;0.833;0.4;3.6;4;1;1.1;0.5;0.1;0.4;2.2;0.7;11.3;1.1;0;0;105.6;0.109;0.156;0.111;0.056;13.9;8.3;11.5;29;0.133
Joe Ingles;SF;2022;34;45;28;17;0.622;24.9;2.6;6.3;0.404;1.7;5;0.347;0.4;0.5;0.773;0.3;2.6;2.9;3.5;1;0.5;0.1;0.2;1.8;0.6;7.2;4.1;0;0;103.7;0.099;0.14;0.148;0.047;8.6;6.3;6.2;24.3;0.121
Joe Wieskamp;SF;2022;22;29;11;18;0.379;7.1;0.7;1.9;0.357;0.5;1.5;0.326;0.2;0.4;0.538;0.1;0.3;0.5;0.3;0.1;0.1;0.1;0.1;0.5;0.2;2.1;0;0;0;105.1;0.045;0.063;0.148;0.176;1.8;1.8;1.3;6.4;0.032
Joel Embiid;C;2022;28;68;45;23;0.662;33.8;9.8;19.6;0.499;1.4;3.7;0.371;9.6;11.8;0.814;2.1;9.6;11.7;4.2;3.1;1.1;1.5;1.2;2.7;8.5;30.6;5.4;46;2;107.8;0.273;0.394;0.224;0.404;9.5;8.8;10;32.6;0.124
John Collins;PF;2022;24;54;26;28;0.481;30.8;6.3;11.9;0.526;1.2;3.3;0.364;2.5;3.1;0.793;1.7;6.1;7.8;1.8;1.1;0.6;1;0.7;3;3.6;16.2;0.7;16;0;112.7;0.19;0.273;0.148;0.331;9.9;7.7;7.5;28.9;0.068
John Konchar;SG;2022;26;72;48;24;0.667;17.9;1.9;3.6;0.515;0.7;1.8;0.413;0.4;0.7;0.551;1.2;3.4;4.6;1.5;0.4;0.6;0.3;0.1;1.3;0.6;4.8;1.3;3;1;107;0.182;0.263;0.161;0.129;5.1;5;4.8;17.1;0.07
Jonas Valanciunas;PG;2022;30;74;34;40;0.459;30.3;6.9;12.7;0.544;0.8;2.1;0.361;3.2;3.9;0.82;3.1;8.3;11.4;2.6;2.4;0.6;0.8;0.6;3.3;4.1;17.8;0.9;50;0;110.2;0.28;0.385;0.115;0.347;9.7;7.2;7.1;27.5;0.088
Jonathan Kuminga;C;2022;19;70;44;26;0.629;16.9;3.4;6.6;0.513;0.7;2.1;0.336;1.9;2.7;0.684;0.8;2.6;3.3;0.9;1.1;0.4;0.3;0.5;2.1;2;9.3;0.5;2;0;107.5;0.139;0.204;0.156;0.227;6;4.9;4.2;15.8;0.064
Jordan Clarkson;SG;2022;29;79;47;32;0.595;27.1;5.9;14.1;0.419;2.4;7.6;0.318;1.8;2.2;0.828;0.8;2.6;3.5;2.5;1.6;0.8;0.2;0.5;1.9;2.1;16;4.8;1;0;107;0.091;0.13;0.202;0.072;9.1;6.9;6.7;25;0.106
Jordan McLaughlin;PG;2022;26;62;36;26;0.581;14.5;1.4;3.2;0.44;0.4;1.4;0.318;0.5;0.6;0.75;0.4;1.2;1.5;2.9;0.6;0.9;0.2;0.2;0.9;0.8;3.8;0.6;1;0;109;0.075;0.114;0.31;0.089;4.8;4.4;3.5;14.2;0.05
Jordan Nwora;SF;2022;23;62;34;28;0.548;19.1;3;7.5;0.403;1.3;3.7;0.348;0.6;0.7;0.837;0.6;3;3.6;1;0.9;0.4;0.3;0.3;1.3;0.7;7.9;-1.2;3;0;112.5;0.147;0.22;0.138;0.165;6.7;5.7;5.9;19.1;0.045
Jordan Poole;SG;2022;22;76;49;27;0.645;30;6.2;13.9;0.448;2.8;7.6;0.364;3.2;3.5;0.925;0.4;3;3.4;4;2.5;0.8;0.3;0.8;2.7;3;18.5;4.3;2;0;105.5;0.094;0.132;0.154;0.11;10.4;7.5;7.2;27.3;0.131
Jordan Schakel;SG;2022;23;4;1;3;0.25;7.6;0.3;2.8;0.091;0.3;1.5;0.167;0.5;0.5;1;0.5;1.5;2;0;0.3;0.3;0;0.5;0;0.8;1.3;0.5;0;0;93.8;0.188;0.273;0.5;0;3.8;1.5;2.3;5.5;0.061
Jose Alvarado;SG;2022;24;54;25;29;0.463;15.4;2.4;5.4;0.446;0.6;2;0.291;0.7;1;0.679;0.5;1.4;1.9;2.8;0.7;1.3;0.1;0.4;1.4;1;6.1;2.6;1;0;104.8;0.094;0.137;0.394;0.09;4.9;3.7;3.2;13.8;0.072
Josh Christopher;SG;2022;20;74;18;56;0.243;18;3;6.8;0.448;0.8;2.6;0.296;1.1;1.5;0.735;0.7;1.8;2.5;2;1.5;0.9;0.2;0.5;1.3;1.4;7.9;-3.7;0;0;116.1;0.103;0.161;0.284;0.098;8.4;5.7;5.8;21.6;0.022
Josh Giddey;SG;2022;19;54;17;37;0.315;31.5;5.2;12.4;0.419;1;3.9;0.263;1;1.5;0.709;1.8;6;7.8;6.4;3.2;0.9;0.4;0.9;1.6;1.7;12.5;-5.5;16;4;109.4;0.175;0.256;0.188;0.12;10.8;9.5;6.7;31;0.101
Josh Green;SG;2022;21;67;44;23;0.657;15.5;1.9;3.8;0.508;0.4;1.2;0.359;0.5;0.7;0.689;0.8;1.6;2.4;1.2;0.7;0.7;0.2;0.3;1.7;0.8;4.8;1;1;0;103.8;0.105;0.151;0.278;0.161;5.4;4.1;3.6;15.7;0.079
Josh Hart;SF;2022;27;54;20;34;0.37;33.2;5.3;10.5;0.504;1.4;3.9;0.343;3;3.9;0.758;1.1;6;7.2;4.1;2.1;1.1;0.2;0.7;2.8;3.2;14.9;-3.7;12;0;113.2;0.183;0.26;0.21;0.102;12;7.9;8.8;31.1;0.069
Josh Jackson;SG;2022;25;51;12;39;0.235;16.3;2.4;5.9;0.4;0.6;2.5;0.254;1.1;1.5;0.714;0.4;2.4;2.8;1.1;0.9;0.5;0.4;0.4;1.7;1.5;6.4;-3.1;0;0;112.2;0.149;0.231;0.181;0.232;6.8;4.2;3.7;17.1;0.039
Josh Okogie;SG;2022;23;49;23;26;0.469;10.5;0.9;2.1;0.404;0.3;1;0.298;0.7;1;0.686;0.6;0.8;1.4;0.5;0.5;0.5;0.2;0.2;1.1;1.1;2.7;0.8;0;0;101.6;0.077;0.117;0.265;0.182;3.7;2.8;2.7;9;0.059
Josh Richardson;SG;2022;28;65;38;27;0.585;24.6;3.6;8.2;0.438;1.6;3.8;0.415;1.5;1.7;0.889;0.6;2.2;2.8;1.8;1;0.9;0.4;0.4;1.8;1.4;10.2;2.1;0;0;107.8;0.087;0.13;0.221;0.158;8.3;6.6;5.2;22.9;0.088
Joshua Primo;SG;2022;19;50;22;28;0.44;19.3;2;5.4;0.374;0.8;2.7;0.307;0.9;1.2;0.746;0.6;1.6;2.3;1.6;1.1;0.4;0.5;0.2;1.6;1.3;5.8;-1.6;0;0;111.2;0.079;0.119;0.139;0.232;6.8;6.6;5.5;19.5;0.052
Jrue Holiday;PG;2022;31;67;47;20;0.701;32.9;7.1;14.2;0.501;2;4.8;0.411;2;2.7;0.761;1;3.5;4.5;6.8;2.7;1.6;0.4;0.6;2;2.3;18.3;6.4;12;0;109.7;0.1;0.136;0.287;0.164;10.5;8.5;7;28.3;0.103
Juan Toscano-Anderson;SG;2022;29;73;51;22;0.699;13.6;1.6;3.2;0.489;0.4;1.2;0.322;0.5;1;0.571;0.4;2;2.4;1.7;0.9;0.7;0.2;0.3;1.6;0.8;4.1;0.6;0;0;106.9;0.143;0.208;0.27;0.193;5.3;4.1;3.3;11.6;0.054
Juancho Hernangomez;SG;2022;26;40;20;20;0.5;11.1;1.1;2.7;0.415;0.6;1.7;0.348;0.5;0.9;0.559;0.7;1.8;2.5;0.5;0.4;0.4;0.3;0.2;0.6;0.5;3.3;-0.1;0;0;113.3;0.155;0.23;0.23;0.213;4.2;4.2;3.3;10.8;0.023
Julius Randle;PF;2022;27;72;32;40;0.444;35.3;7.1;17.3;0.411;1.7;5.4;0.308;4.2;5.6;0.756;1.7;8.2;9.9;5.1;3.4;0.7;0.5;0.9;2.8;4.6;20.1;-2.3;31;1;111.6;0.225;0.323;0.159;0.146;11.8;9.1;10.1;33;0.091
Justin Anderson;PF;2022;28;16;3;13;0.188;19.7;2.3;5.9;0.379;0.9;3.7;0.254;0.9;1.2;0.789;0.3;2.6;2.9;2.1;0.5;0.5;0.4;0.3;1.4;0.9;6.4;-0.9;0;0;116.9;0.142;0.226;0.138;0.214;6.8;5.8;5.9;21.3;0.02
Justin Champagnie;PF;2022;20;36;21;15;0.583;7.8;0.9;1.9;0.463;0.3;0.8;0.357;0.3;0.3;1;1;1;2;0.3;0.2;0.2;0.1;0.1;0.9;0.3;2.3;1.4;0;0;108;0.126;0.189;0.16;0.167;2.4;2.1;2;6.9;0.029
Justin Holiday;SG;2022;33;74;25;49;0.338;27.8;3.5;8.9;0.394;2.4;6.5;0.367;0.7;0.8;0.806;0.4;2.2;2.6;1.7;0.9;0.8;0.4;0.2;2.1;1.1;10.1;-2.8;0;0;113.9;0.08;0.114;0.2;0.155;9.4;7.4;7.9;28.5;0.052
Justin Jackson;SF;2022;27;7;6;1;0.857;5.2;0.7;2.1;0.333;0.4;1.3;0.333;0.3;0.3;1;0.1;0.9;1;0.3;0.1;0;0;0;0.4;0.1;2.1;-1.9;0;0;100;0.167;0.222;0;0;1.3;1;1.6;2.9;0.032
Justin Robinson;PG;2022;24;25;13;12;0.52;12.1;1.1;3.7;0.301;0.7;2.4;0.295;0.2;0.3;0.5;0.2;0.7;0.8;1.3;0.7;0.4;0;0;1.1;0.8;3.1;-4.9;0;0;111.3;0.051;0.082;0.209;0.043;5.2;3.5;3.8;13.3;0.034
Justise Winslow;SF;2022;26;48;24;24;0.5;16.1;2.3;5.4;0.428;0.3;1.4;0.227;0.8;1.4;0.591;1;3.2;4.2;1.8;1;0.7;0.5;0.5;1.4;1.1;5.7;0.6;2;0;105.9;0.177;0.266;0.252;0.305;5.6;4.8;4.8;15.6;0.071
Jusuf Nurkic;SF;2022;27;56;25;31;0.446;28.2;5.7;10.7;0.535;0.3;1;0.268;3.3;4.8;0.69;3;8.1;11.1;2.8;2.6;1.1;0.6;0.8;3.4;4.4;15;0.2;30;0;110.1;0.283;0.389;0.248;0.219;9.1;6.1;8;25.9;0.084
KZ Okpala;PF;2022;23;21;14;7;0.667;11.6;1.4;3.3;0.435;0.4;1.2;0.346;0.4;0.5;0.727;0.5;1.4;2;0.7;0.2;0.2;0.3;0.1;1.2;0.5;3.7;0.3;0;0;104.2;0.118;0.174;0.121;0.35;4;3.1;3;8.9;0.055
Karl-Anthony Towns;C;2022;26;74;44;30;0.595;33.5;8.7;16.4;0.529;2;4.9;0.41;5.2;6.3;0.822;2.6;7.2;9.8;3.6;3.1;1;1.1;1.2;3.6;5.8;24.6;3.7;40;1;111.6;0.21;0.312;0.164;0.312;11;9.5;10.5;33.2;0.085
Keifer Sykes;SF;2022;28;32;6;26;0.188;17.7;2.2;5.9;0.363;0.8;2.8;0.3;0.5;0.5;0.882;0.3;1.2;1.4;1.9;1;0.4;0.1;0.2;1.6;0.5;5.6;-2.2;0;0;112.9;0.069;0.107;0.15;0.069;6.5;4.7;4.3;18.9;0.038
Keita Bates-Diop;SF;2022;26;59;23;36;0.39;16.2;2.3;4.5;0.517;0.3;0.9;0.309;0.8;1;0.754;1.1;2.9;3.9;0.7;0.8;0.5;0.2;0.4;1;0.8;5.7;0.1;1;0;106.2;0.163;0.234;0.19;0.154;5.8;5.2;3.8;16.5;0.068
Kelan Martin;SF;2022;26;30;14;16;0.467;15;2.3;5.7;0.409;0.7;2.5;0.293;0.3;0.4;0.692;0.6;1.3;1.8;0.7;0.5;0.4;0.3;0.3;1.2;0.3;5.7;-1.8;0;0;108.6;0.086;0.128;0.194;0.184;5;4.4;3.8;15.9;0.051
Keldon Johnson;SF;2022;22;75;33;42;0.44;31.9;6.3;13.5;0.466;2.1;5.3;0.398;2.4;3.1;0.756;1.1;5;6.1;2.1;1.2;0.8;0.2;0.8;2;2.5;17;1;6;0;111.1;0.148;0.219;0.157;0.056;9.2;9.3;7.8;33.5;0.087
Keljin Blevins;SF;2022;26;31;4;27;0.129;11.3;1.1;3.6;0.306;0.7;2.3;0.292;0.2;0.4;0.545;0.5;0.9;1.5;0.6;0.5;0.4;0;0.2;0.9;0.2;3.1;-6.7;0;0;124.9;0.09;0.147;0.206;0.036;4.6;4.8;3.4;12;-0.015
Kelly Olynyk;PF;2022;31;40;13;27;0.325;19.1;3.2;7.2;0.448;1;3;0.336;1.7;2.2;0.775;1.4;3.1;4.4;2.8;1.5;0.8;0.5;0.3;2.5;2.7;9.1;-1.8;1;0;113.3;0.17;0.262;0.214;0.257;7.3;5.3;4.6;20;0.04
Kelly Oubre Jr.;SF;2022;26;76;39;37;0.513;26.3;5.4;12.3;0.44;2.5;7.3;0.345;1.7;2.5;0.667;1;2.9;4;1.1;0.9;1;0.4;0.6;2.5;2.1;15;-0.3;1;0;112.4;0.106;0.162;0.219;0.143;8.8;8;7.6;25.9;0.061
Kemba Walker;PG;2022;32;37;16;21;0.432;25.6;4;10;0.403;2;5.4;0.367;1.6;1.9;0.845;0.4;2.6;3;3.5;1.3;0.7;0.2;0.4;1;2.5;11.6;-4.9;1;1;114.5;0.099;0.145;0.218;0.069;9.1;7.1;8;24.6;0.045
Kenrich Williams;PF;2022;27;49;17;32;0.347;21.9;3;6.5;0.461;0.8;2.5;0.339;0.6;1.1;0.545;1.5;3;4.5;2.2;0.9;0.9;0.2;0.4;1.7;1.5;7.4;0.5;0;0;100.3;0.123;0.183;0.263;0.097;7.1;5.4;3.3;19.1;0.128
Kent Bazemore;SF;2022;32;39;16;23;0.41;14;1.2;3.6;0.324;0.7;2.1;0.363;0.3;0.4;0.765;0.3;1.4;1.8;0.9;0.5;0.6;0.2;0;1.8;0.6;3.4;-3;0;0;108.7;0.097;0.148;0.236;0.153;4.7;4.7;3.7;13.6;0.049
Kentavious Caldwell-Pope;SG;2022;29;77;34;43;0.442;30.2;4.7;10.8;0.435;2.1;5.3;0.39;1.8;2;0.89;0.5;2.9;3.4;1.9;1.3;1.1;0.3;0.3;1.8;2;13.2;-3;2;0;113.8;0.093;0.135;0.277;0.108;9.9;8.3;5.4;32;0.058
Kenyon Martin Jr.;SF;2022;21;79;20;59;0.253;21;3.5;6.6;0.533;0.8;2.1;0.357;1;1.6;0.634;1;2.7;3.8;1.3;0.8;0.4;0.5;0.6;1.4;1.2;8.8;-3;2;0;115.4;0.131;0.201;0.126;0.226;9.6;6.9;6.7;24.3;0.03
Keon Johnson;SF;2022;20;37;8;29;0.216;18.8;2.6;7.4;0.353;0.9;2.7;0.34;1.1;1.4;0.804;0.6;1.5;2.2;2.1;1.2;0.8;0.3;0.6;1.9;1.2;7.2;-7.8;0;0;119.8;0.083;0.135;0.226;0.176;7;6.9;6.2;19.6;0.003
Kessler Edwards;SF;2022;21;48;22;26;0.458;20.6;2.3;5.6;0.412;1;2.8;0.353;0.3;0.4;0.842;0.9;2.7;3.6;0.6;0.9;0.6;0.5;0.4;1.8;0.5;5.9;-1.3;1;0;115.5;0.124;0.184;0.203;0.222;7.8;5.3;6.1;20.9;0.029
Kevin Durant;PF;2022;33;55;36;19;0.655;37.2;10.5;20.3;0.518;2.1;5.5;0.383;6.8;7.4;0.91;0.5;6.9;7.4;6.4;3.5;0.9;0.9;0.7;2.1;5.9;29.9;4.9;18;4;109.7;0.166;0.249;0.155;0.22;14;10.7;11.1;35.1;0.117
Kevin Huerter;SG;2022;23;74;40;34;0.541;29.6;4.7;10.3;0.454;2.2;5.6;0.389;0.6;0.7;0.808;0.4;3;3.4;2.7;1.2;0.7;0.4;0.3;2.5;0.8;12.1;2.3;1;0;112.5;0.098;0.141;0.176;0.138;9.4;7.8;8;30.4;0.068
Kevin Knox II;SF;2022;22;30;18;12;0.6;7.4;1;2.8;0.365;0.5;1.8;0.278;0.5;0.7;0.727;0.5;1;1.5;0.3;0.2;0.1;0.1;0.1;0.6;0.5;3.1;-2.3;0;0;113.7;0.127;0.205;0.098;0.087;2.7;2.5;1.5;7.1;0.015
Kevin Love;PF;2022;33;74;38;36;0.514;22.5;4.4;10.3;0.43;2.5;6.4;0.392;2.2;2.7;0.838;1.2;6.1;7.2;2.2;1.3;0.4;0.2;0.2;1.4;2.3;13.6;1.3;15;0;107.4;0.258;0.369;0.111;0.144;8.4;5.6;6.3;21.9;0.087
Kevin Pangos;PF;2022;29;24;16;8;0.667;6.9;0.6;1.9;0.326;0.3;1.1;0.231;0.1;0.2;0.75;0.1;0.4;0.5;1.3;0.3;0.1;0;0;0.5;0.4;1.6;-1.5;0;0;117.1;0.057;0.081;0.136;0;2.1;2;1.8;6.9;0.007
Kevin Porter Jr.;SG;2022;22;61;16;45;0.262;31.3;5.5;13.2;0.415;2.5;6.8;0.375;2;3.2;0.642;0.7;3.7;4.4;6.2;3.1;1.1;0.4;0.7;2.6;2.9;15.6;-4.6;10;1;114.9;0.111;0.166;0.25;0.126;14;9.5;11.3;34.7;0.049
Kevon Looney;C;2022;26;82;53;29;0.646;21.1;2.5;4.4;0.571;0;0;0;0.9;1.5;0.6;2.5;4.7;7.3;2;0.8;0.6;0.6;0.4;2.6;1.3;6;2;5;0;107.2;0.21;0.298;0.167;0.302;7.5;5.6;5.8;19.9;0.082
Khem Birch;C;2022;29;55;34;21;0.618;18;1.8;3.6;0.485;0;0.3;0;1;1.3;0.746;2.2;2.1;4.3;1;0.5;0.5;0.5;0.2;1.9;1.1;4.5;0.4;0;0;112.4;0.128;0.186;0.166;0.342;5.7;4.6;4.7;16.2;0.042
Khris Middleton;SF;2022;30;66;44;22;0.667;32.4;6.8;15.5;0.443;2.5;6.6;0.373;3.9;4.4;0.89;0.6;4.8;5.4;5.4;2.9;1.2;0.3;0.7;2.4;3.2;20.1;4.6;4;0;109.6;0.136;0.189;0.216;0.105;10.5;9;6.8;28.5;0.103
Killian Hayes;PG;2022;20;66;21;45;0.318;25;2.7;7;0.383;0.7;2.5;0.263;0.9;1.1;0.77;0.5;2.6;3.2;4.2;1.7;1.2;0.5;0.5;2.8;1.2;6.9;-5.6;2;0;112.9;0.108;0.161;0.285;0.21;8.9;6.8;5.9;24.8;0.055
Killian Tillie;C;2022;24;36;27;9;0.75;12.8;1.2;3.5;0.339;0.8;2.4;0.314;0.1;0.2;0.625;0.6;1.1;1.7;0.6;0.4;0.6;0.4;0.3;1.6;0.3;3.3;0.8;0;0;105.8;0.085;0.125;0.235;0.238;3.8;2.6;3.9;12.1;0.054
Kira Lewis Jr.;PG;2022;21;24;6;18;0.25;14.2;2.5;6.1;0.404;0.5;2.4;0.224;0.4;0.5;0.833;0.4;1.3;1.6;2;1.1;0.5;0;0.3;0.7;0.6;5.9;-4.5;0;0;109;0.083;0.12;0.208;0.029;5.6;4;3.7;13.8;0.049
Klay Thompson;PG;2022;32;32;17;15;0.531;29.4;7.7;17.9;0.429;3.6;9.3;0.385;1.4;1.6;0.902;0.5;3.4;3.9;2.8;1.3;0.5;0.5;0.4;1.7;1.3;20.4;2.1;0;0;108;0.106;0.156;0.103;0.207;10.3;7.9;8.6;28.4;0.108
Kris Dunn;PG;2022;28;14;1;13;0.071;24;3.1;7.3;0.431;0.1;0.8;0.091;1.2;1.3;0.944;0.6;2.9;3.5;5.6;2.3;1.6;0.2;0.8;2.7;1.5;7.6;-6.6;0;0;117.8;0.12;0.191;0.315;0.091;12.8;8.1;8.9;28.3;0.018
Kristaps Porzingis;PG;2022;26;51;26;25;0.51;29;6.9;15;0.459;1.5;4.9;0.31;4.9;5.6;0.867;2;6.1;8.1;2.3;1.6;0.7;1.6;0.6;2.7;4.6;20.2;0.6;15;0;109.5;0.204;0.285;0.203;0.564;8.4;6.4;7.2;26.8;0.091
Kyle Anderson;PF;2022;28;69;46;23;0.667;21.5;3;6.8;0.446;0.5;1.6;0.33;1;1.5;0.638;1;4.3;5.3;2.7;1;1.1;0.7;0.4;1.6;1.2;7.6;0.9;2;0;108.3;0.196;0.283;0.249;0.249;6.9;5.8;5.8;22.6;0.078
Kyle Guy;PG;2022;24;19;15;4;0.789;9.8;1.4;3.4;0.4;0.7;2.1;0.35;0.4;0.6;0.667;0.2;0.7;0.9;0.9;0.7;0.4;0.1;0.2;0.6;0.8;3.9;-2.5;0;0;110.1;0.069;0.103;0.318;0.111;4.6;2.5;3.2;9.2;0.031
Kyle Kuzma;SF;2022;26;66;29;37;0.439;33.4;6.4;14.2;0.452;1.9;5.7;0.341;2.4;3.3;0.712;1.1;7.4;8.5;3.5;2.6;0.6;0.9;0.5;1.9;2.8;17.1;-4.3;24;1;114.3;0.213;0.317;0.156;0.239;10.6;9.3;6.2;35.2;0.059
Kyle Lowry;PG;2022;36;63;41;22;0.651;33.9;4.4;10;0.44;2.3;6.1;0.377;2.3;2.8;0.851;0.5;4;4.5;7.5;2.7;1.1;0.3;0.3;2.8;3.6;13.4;4;16;2;106.6;0.116;0.164;0.204;0.128;12;8;8.7;28.5;0.138
Kyrie Irving;PG;2022;30;29;14;15;0.483;37.6;10;21.2;0.469;3.4;8.2;0.418;4.1;4.4;0.915;0.6;3.8;4.4;5.8;2.5;1.4;0.6;0.9;2.8;3.8;27.4;4.2;2;0;113.8;0.096;0.149;0.21;0.133;12;11;9.6;35.7;0.073
LaMarcus Aldridge;C;2022;36;47;26;21;0.553;22.3;5.4;9.7;0.55;0.3;1;0.304;1.9;2.2;0.873;1.6;3.9;5.5;0.9;0.9;0.3;1;0.2;1.7;1.9;12.9;0.4;2;0;111.1;0.16;0.238;0.109;0.398;8.3;6.4;5.7;22.3;0.06
LaMelo Ball;PG;2022;20;75;39;36;0.52;32.3;7.2;16.7;0.429;2.9;7.5;0.389;2.8;3.2;0.872;1.4;5.2;6.7;7.6;3.3;1.6;0.4;0.7;3.2;3.2;20.1;1.3;23;5;112.5;0.157;0.232;0.264;0.13;11.1;9.9;9.5;33.2;0.075
Lamar Stevens;PF;2022;24;63;35;28;0.556;16.1;2.5;5.1;0.489;0.3;1;0.277;0.8;1.2;0.707;0.7;1.9;2.6;0.7;0.7;0.5;0.3;0.4;1.7;0.9;6.1;-0.6;0;0;109.7;0.112;0.169;0.214;0.214;5.9;4.1;4;15.3;0.05
Lance Stephenson;PG;2022;31;46;11;35;0.239;17.7;3.2;7;0.455;0.6;2;0.3;1.4;1.7;0.788;0.3;2.5;2.8;3.6;1.6;0.5;0.1;0.4;2.1;1.4;8.3;-2.5;3;0;117.4;0.149;0.221;0.218;0.056;6.6;4.7;5.5;18.7;0.015
Landry Shamet;SG;2022;25;69;53;16;0.768;20.8;2.8;7;0.394;1.8;4.8;0.368;1;1.2;0.84;0.2;1.6;1.8;1.6;0.6;0.4;0.1;0.4;1.3;1;8.3;2;0;0;102.9;0.072;0.105;0.112;0.064;6.7;5.7;4.9;19.6;0.107
Langston Galloway;SG;2022;30;7;4;3;0.571;15.2;0.9;3.7;0.231;0.3;2.3;0.125;0;0;0;0.4;2.1;2.6;1.7;0.9;0.1;0;0.1;1;0.4;2;-1.7;0;0;100;0.106;0.165;0.059;0;5.4;4.6;3.6;16.3;0.091
Larry Nance Jr.;PF;2022;29;46;19;27;0.413;22.6;2.8;5.4;0.522;0.5;1.5;0.329;0.9;1.2;0.702;1.6;3.8;5.4;1.8;0.8;0.9;0.4;0.2;1.8;1.4;7;-1.3;0;0;112.6;0.173;0.256;0.242;0.204;8;5.8;6.2;23.2;0.051
Lauri Markkanen;PF;2022;24;61;32;29;0.525;30.8;5.1;11.5;0.445;2.2;6.2;0.358;2.3;2.6;0.868;1;4.7;5.7;1.3;0.9;0.7;0.5;0.8;2.1;2.4;14.8;2.8;3;0;109.9;0.147;0.215;0.164;0.178;10.8;8.2;7.7;30.2;0.094
LeBron James;PG;2022;37;56;25;31;0.446;37.2;11.4;21.8;0.524;2.9;8;0.359;4.5;6;0.756;1.1;7.1;8.2;6.2;3.5;1.3;1.1;0.8;2.2;5.5;30.3;-2.1;21;6;113.5;0.185;0.277;0.212;0.271;13.1;10.2;11.9;38.6;0.074
Leandro Bolmaro;PF;2022;21;35;19;16;0.543;6.9;0.5;1.5;0.315;0.1;0.5;0.278;0.3;0.4;0.846;0.5;0.8;1.2;0.6;0.4;0.2;0;0;0.7;0.5;1.4;0.1;0;0;102.5;0.107;0.159;0.14;0;2.4;1.3;1.5;5.8;0.037
Lindell Wigginton;PG;2022;24;19;11;8;0.579;10.5;1.4;3.2;0.426;0.5;1.4;0.346;1;1.8;0.543;0.2;1.2;1.3;1.2;0.6;0.3;0.1;0.3;0.9;1.6;4.2;-2.5;0;0;119.2;0.106;0.157;0.25;0.077;4.8;3.7;4.6;13.4;0.004
Lindy Waters III;PG;2022;24;25;6;19;0.24;18.6;2.8;7;0.406;2.1;5.8;0.363;0.2;0.2;0.8;0.2;2.7;2.9;1;0.4;0.8;0.3;0.1;1.2;0.4;8;-1.6;0;0;113.2;0.14;0.2;0.244;0.182;6.4;5.4;4.1;17.7;0.04
Lonnie Walker IV;SG;2022;23;70;27;43;0.386;23;4.4;10.9;0.407;1.6;5;0.314;1.7;2.1;0.784;0.3;2.3;2.6;2.2;1;0.6;0.3;0.4;1.4;1.3;12.1;-1.1;0;0;111.5;0.095;0.146;0.18;0.113;7.3;7.5;5.4;25.5;0.06
Lonzo Ball;PG;2022;24;35;22;13;0.629;34.6;4.6;10.9;0.423;3.1;7.4;0.423;0.6;0.8;0.75;1;4.4;5.4;5.1;2.3;1.8;0.9;0.5;2.4;1.1;13;2.3;3;1;107;0.125;0.18;0.3;0.27;11.4;9.2;8.6;32.9;0.136
Lou Williams;PG;2022;35;56;33;23;0.589;14.3;2.2;5.7;0.391;0.7;1.8;0.363;1.2;1.4;0.859;0.3;1.3;1.6;1.9;0.8;0.5;0.1;0.2;0.9;1.2;6.3;0.3;0;0;109.5;0.084;0.126;0.219;0.039;3.8;3.9;3.3;14;0.045
Louis King;SF;2022;23;10;2;8;0.2;10.4;1.5;4.7;0.319;0.8;2.7;0.296;0.7;1;0.7;0;1.2;1.2;0.9;0;0.2;0.1;0.1;1.4;0.9;4.5;-2.9;0;0;115;0.115;0.194;0.143;0.083;3.8;3.6;3;11;0.017
Luguentz Dort;SG;2022;23;51;17;34;0.333;32.7;5.7;14.2;0.404;2.5;7.7;0.332;3.2;3.7;0.843;0.7;3.4;4.2;1.7;1.7;0.9;0.4;0.9;2.9;3.5;17.2;-5.8;0;0;110.1;0.097;0.141;0.175;0.107;10.8;9.5;7.3;32.3;0.099
Luka Doncic;SG;2022;23;65;44;21;0.677;35.4;9.9;21.6;0.457;3.1;8.8;0.353;5.6;7.5;0.744;0.9;8.3;9.1;8.7;4.5;1.2;0.6;0.7;2.2;6.2;28.4;2.2;44;10;110.3;0.23;0.337;0.234;0.184;10.5;10.5;9.2;35.9;0.104
Luka Garza;PG;2022;23;32;3;29;0.094;12.2;2.1;4.6;0.449;0.5;1.5;0.327;1.2;1.9;0.623;1.8;1.3;3.1;0.6;0.6;0.3;0.2;0.5;1.7;1.8;5.8;-2;2;0;110.9;0.116;0.173;0.113;0.231;5.6;2.9;3.4;13.4;0.035
Luke Kennard;SG;2022;25;70;35;35;0.5;27.4;4.1;9.1;0.449;2.7;6;0.449;1;1.1;0.896;0.3;3;3.3;2.1;0.9;0.6;0.1;0.2;1.4;0.7;11.9;2.6;1;0;106.6;0.1;0.151;0.142;0.028;9.2;8.1;7.4;28.4;0.109
Luke Kornet;C;2022;26;15;11;4;0.733;6.9;0.9;1.8;0.481;0;0.3;0;0.3;0.4;0.667;0.9;1.1;1.9;0.6;0;0.2;0.2;0.1;0.6;0.3;2;1.5;0;0;106.8;0.142;0.205;0.2;0.273;2.6;1.8;2.6;6.3;0.029
Malachi Flynn;PG;2022;24;44;25;19;0.568;12.2;1.6;4.2;0.393;0.7;2;0.333;0.3;0.5;0.625;0.2;1.2;1.4;1.6;0.3;0.5;0.1;0.2;1;0.7;4.3;-0.6;0;0;111.8;0.097;0.155;0.202;0.074;3.4;4.3;2.9;11.9;0.031
Malcolm Brogdon;PG;2022;29;36;14;22;0.389;33.5;6.8;15.1;0.448;1.6;5.2;0.312;4;4.6;0.856;0.9;4.2;5.1;5.9;2.1;0.8;0.4;1.1;2;3.7;19.1;0;6;1;111.1;0.121;0.174;0.195;0.09;10.9;9.3;8.3;34.4;0.089
Malcolm Hill;PG;2022;26;19;8;11;0.421;11.2;1.3;2.7;0.462;0.7;1.9;0.361;0.6;0.7;0.786;0.6;1.3;1.8;0.4;0.2;0.4;0.2;0.1;1.3;0.6;3.8;-1.6;0;0;114.7;0.118;0.158;0.318;0.188;4.2;2;4.2;12.6;0.019
Malik Beasley;SG;2022;25;79;46;33;0.582;25;4.2;10.8;0.391;3;8.1;0.377;0.6;0.8;0.817;0.3;2.5;2.9;1.5;0.5;0.5;0.2;0.4;1.1;0.5;12.1;1;0;0;110.1;0.1;0.149;0.12;0.054;8.4;7.2;7.4;23.7;0.075
Malik Fitts;PF;2022;24;15;13;2;0.867;4.2;0.5;1.3;0.421;0.3;0.7;0.5;0;0;0;0.1;1;1.1;0.3;0.1;0;0;0.1;0.3;0;1.4;-1.3;0;0;109.7;0.185;0.278;0;0;1.7;1.7;1.7;3.2;0.014
Malik Monk;SG;2022;24;76;32;44;0.421;28.1;5.1;10.9;0.473;2.3;5.8;0.391;1.2;1.5;0.795;0.5;2.9;3.4;2.9;1.6;0.8;0.4;0.4;1.8;1.4;13.8;0.7;1;0;112.9;0.099;0.146;0.188;0.133;9.4;7.8;8.7;30.9;0.061
Mamadi Diakite;PF;2022;25;13;4;9;0.308;14.4;1.9;3.6;0.532;0;0.4;0;0.5;0.8;0.545;1.3;3.2;4.5;0.2;0.5;0.4;0.7;0.4;2.5;1.1;4.3;-1.1;0;0;98.9;0.216;0.318;0.179;0.529;5.1;4.4;3.2;13.7;0.088
Marcus Garrett;C;2022;23;12;11;1;0.917;10.7;0.4;1.8;0.238;0.1;0.3;0.25;0.2;0.4;0.4;0.8;1.2;1.9;0.6;0.2;0.4;0.3;0.3;1.3;0.4;1.1;1.4;0;0;108.3;0.108;0.161;0.278;0.3;3.8;3.4;2.4;8.5;0.037
Marcus Morris Sr.;PF;2022;32;54;26;28;0.481;29;5.6;12.8;0.434;1.9;5.1;0.367;2.4;2.7;0.872;0.5;3.9;4.4;2.1;1.3;0.5;0.3;0.4;2.1;2.1;15.4;-2.6;2;0;114;0.129;0.191;0.139;0.128;10;8.8;7.7;30.6;0.053
Marcus Smart;PG;2022;28;71;47;24;0.662;32.3;4.2;10.1;0.418;1.7;5.1;0.331;2;2.5;0.793;0.6;3.2;3.8;5.9;2.2;1.7;0.3;0.4;2.3;3.3;12.1;6.2;2;0;105.2;0.093;0.133;0.331;0.066;9.8;8;7.9;27.5;0.145
Markelle Fultz;PG;2022;23;18;6;12;0.333;20;4.6;9.7;0.474;0.2;0.9;0.235;1.4;1.7;0.806;0.2;2.5;2.7;5.5;2.2;1.1;0.3;0.7;1.2;2;10.8;-2.1;1;0;109.1;0.116;0.167;0.323;0.139;6.8;5.6;6.6;19;0.067
Markieff Morris;PF;2022;32;17;10;7;0.588;17.5;3.2;6.7;0.474;0.8;2.3;0.333;0.5;0.5;0.889;1;1.6;2.6;1.4;1.2;0.4;0.1;0.1;1.9;0.8;7.6;1.1;0;0;107.9;0.089;0.126;0.167;0.111;6.1;3.7;5;16;0.066
Markus Howard;SG;2022;23;31;17;14;0.548;5.7;1.3;3.3;0.386;0.9;2.3;0.4;0.6;0.7;0.87;0.1;0.3;0.4;0.2;0.2;0.3;0;0.3;0.5;0.5;4.1;-0.4;0;0;112.8;0.064;0.094;0.281;0;1.4;1.3;1.7;6;0.013
Marquese Chriss;PF;2022;24;34;24;10;0.706;10.2;1.8;3.9;0.463;0.2;0.7;0.32;0.6;1;0.667;1;2.1;3;0.5;0.5;0.4;0.4;0.6;1.9;1;4.5;-0.3;0;0;107.5;0.197;0.275;0.25;0.4;4.1;2.9;3;10.6;0.039
Marvin Bagley III;PF;2022;23;48;17;31;0.354;23.9;4.7;9.3;0.504;0.5;2;0.237;1.4;2.1;0.663;2.2;4.9;7;0.8;0.8;0.5;0.4;0.6;1.9;2.2;11.3;-2.8;7;0;114.9;0.2;0.297;0.141;0.176;7.9;6.6;6.4;23.8;0.037
Mason Jones;SG;2022;23;4;2;2;0.5;12.6;1.8;3.8;0.467;0.3;1;0.25;3;3.8;0.8;0.3;2.3;2.5;1;0.3;0.5;0;0;2;2.5;6.8;5.8;0;0;91.9;0.148;0.191;0.5;0;4.5;1.8;3;12;0.11
Mason Plumlee;C;2022;32;73;40;33;0.548;24.6;2.8;4.4;0.641;0;0;0;0.9;2.3;0.392;2.4;5.3;7.7;3.1;1.4;0.8;0.7;0.4;3.1;2.3;6.5;0.1;7;0;109.6;0.205;0.296;0.184;0.342;8.2;7.5;7.4;24.7;0.077
Matisse Thybulle;SG;2022;25;66;43;23;0.652;25.5;2.3;4.5;0.5;0.7;2.2;0.313;0.5;0.7;0.791;0.6;1.7;2.3;1.1;0.6;1.7;1.1;0.1;2.4;0.7;5.7;1.3;0;0;107.2;0.064;0.095;0.364;0.345;7.3;6.9;7.3;26.2;0.099
Matt Thomas;SG;2022;27;40;23;17;0.575;11.5;1.4;3.4;0.41;0.9;2.3;0.385;0.4;0.5;0.8;0.1;1.2;1.3;0.5;0.2;0.2;0.1;0.1;0.5;0.4;4;0.8;0;0;108.5;0.096;0.135;0.17;0.061;3.3;2.5;3.1;12.8;0.04
Maurice Harkless;PF;2022;29;47;15;32;0.319;18.4;1.8;3.9;0.459;0.7;2.1;0.307;0.4;0.6;0.714;0.3;2.1;2.4;0.5;0.7;0.6;0.5;0.2;1.6;0.6;4.6;-1.9;1;0;110.8;0.114;0.167;0.209;0.296;7;4.9;5.3;19.3;0.051
Max Strus;SF;2022;26;68;46;22;0.676;23.3;3.7;8.3;0.441;2.7;6.5;0.41;0.6;0.8;0.792;0.4;2.6;3;1.4;0.8;0.4;0.2;0.2;1.7;1;10.6;2.5;0;0;108.1;0.112;0.159;0.133;0.158;8.3;5.8;6;19.4;0.084
Maxi Kleber;PF;2022;30;59;36;23;0.61;24.6;2.4;6;0.398;1.4;4.3;0.325;0.8;1.1;0.708;1.2;4.7;5.9;1.2;0.8;0.5;1;0.2;2.3;1.5;7;2;2;0;105.3;0.182;0.267;0.176;0.433;6.5;7;6;22.2;0.109
Michael Porter Jr.;SF;2022;23;9;5;4;0.556;29.4;4.1;11.4;0.359;1.1;5.3;0.208;0.6;1;0.556;1;5.6;6.6;1.9;1.3;1.1;0.2;0.4;1.8;1.1;9.9;6.4;1;0;94.7;0.172;0.236;0.238;0.087;10.3;6.3;7.2;31.6;0.223
Mikal Bridges;SF;2022;25;82;64;18;0.78;34.8;5.6;10.5;0.534;1.4;3.8;0.369;1.6;1.9;0.834;0.9;3.3;4.2;2.3;0.8;1.2;0.4;0.4;1.8;1.9;14.2;7;0;0;106.9;0.089;0.131;0.188;0.151;10;10.3;8.3;33.3;0.137
Mike Conley;PG;2022;34;72;44;28;0.611;28.6;4.8;11;0.435;2.3;5.8;0.408;1.8;2.3;0.796;0.7;2.4;3;5.3;1.7;1.3;0.3;0.4;2;2.2;13.7;4.8;2;0;104.9;0.079;0.112;0.323;0.113;9.3;6.9;7;25.4;0.131
Mike Muscala;C;2022;30;43;15;28;0.349;13.8;2.6;5.8;0.456;1.6;3.8;0.429;1.1;1.3;0.842;0.5;2.5;3;0.5;0.3;0.4;0.6;0.2;1.3;1.1;8;0.5;0;0;104.9;0.166;0.253;0.189;0.388;4.5;3.5;3;12.7;0.064
Miles Bridges;PF;2022;24;80;41;39;0.513;35.5;7.5;15.2;0.491;1.9;5.8;0.331;3.3;4.2;0.802;1.1;5.9;7;3.8;1.9;0.9;0.8;0.8;2.4;3.4;20.2;1.8;15;0;112.4;0.158;0.235;0.151;0.233;11.8;11.1;9.3;35.6;0.082
Miles McBride;PF;2022;21;40;19;21;0.475;9.3;0.8;2.7;0.296;0.4;1.7;0.25;0.2;0.3;0.667;0.1;1;1.1;1;0.1;0.4;0;0.1;1.1;0.3;2.2;2.5;0;0;100.1;0.097;0.138;0.241;0.024;2.4;2.1;1.1;7.6;0.055
Mitchell Robinson;C;2022;24;72;32;40;0.444;25.7;3.6;4.8;0.761;0;0;0;1.2;2.5;0.486;4.1;4.5;8.6;0.5;0.8;0.8;1.8;0.4;2.7;2;8.5;-1.1;20;0;111.2;0.171;0.243;0.228;0.619;8.5;6.3;6.3;23.9;0.068
Mo Bamba;C;2022;24;71;19;52;0.268;25.7;4.2;8.7;0.48;1.5;4;0.381;0.8;1;0.781;2.1;6;8.1;1.2;1.1;0.5;1.7;0.4;2.6;1.1;10.6;-5.3;20;0;111.3;0.214;0.303;0.161;0.587;9.2;7.4;7.1;21.2;0.068
Monte Morris;PG;2022;26;75;44;31;0.587;29.9;5;10.3;0.484;1.7;4.2;0.395;1;1.1;0.869;0.4;2.7;3;4.4;1;0.7;0.2;0.5;1.2;1.1;12.6;3.8;0;0;110.4;0.087;0.12;0.184;0.084;10.4;6.8;7.5;32;0.087
Montrezl Harrell;C;2022;28;71;36;35;0.507;23.1;5;7.8;0.645;0.1;0.2;0.235;3;4.2;0.716;2.1;4;6.1;2;1;0.4;0.6;0.5;1.9;3.5;13.1;1.2;7;0;108.5;0.163;0.238;0.134;0.291;7.4;6;4.5;22.9;0.079
Moritz Wagner;C;2022;25;63;16;47;0.254;15.2;3.1;6.3;0.497;1;3.2;0.328;1.7;2;0.806;0.7;3;3.7;1.4;0.9;0.3;0.2;0.3;2;2.1;9;-2.4;3;0;112.6;0.19;0.278;0.169;0.181;5.4;4.3;3.9;14.8;0.035
Moses Brown;C;2022;22;40;19;21;0.475;8.6;1.6;2.7;0.593;0;0;0;1.1;1.8;0.597;1;2.4;3.4;0;0.5;0.2;0.4;0.2;1.3;1.2;4.3;-1.2;3;0;108.5;0.257;0.36;0.14;0.485;3;2.1;2.5;7.4;0.031
Moses Moody;C;2022;19;52;35;17;0.673;11.7;1.5;3.5;0.437;0.8;2.1;0.364;0.5;0.7;0.778;0.3;1.2;1.5;0.4;0.3;0.1;0.2;0.1;0.8;0.6;4.4;-0.8;0;0;108.9;0.098;0.137;0.077;0.208;4.7;3.2;4.2;10.8;0.04
Mychal Mulder;PG;2022;27;17;3;14;0.176;14.1;1.4;4.5;0.312;1;3.2;0.315;0.2;0.2;1;0.1;1.3;1.4;0.3;0.5;0.2;0.1;0.4;0.8;0.3;4.1;-3.2;0;0;110.8;0.089;0.128;0.143;0.105;3.5;4.1;2.5;11.8;0.041
Myles Powell;PG;2022;24;11;8;3;0.727;4.7;0.5;1.5;0.294;0.1;0.5;0.167;0.2;0.2;1;0.1;0.5;0.5;0.3;0.3;0.1;0;0.1;0.7;0.2;1.2;-1.6;0;0;121.4;0.098;0.179;0.111;0;1.2;1.5;1.1;4.4;-0.002
Myles Turner;C;2022;26;42;15;27;0.357;29.4;4.8;9.4;0.509;1.5;4.4;0.333;1.9;2.5;0.752;1.5;5.5;7.1;1;1.3;0.7;2.8;0.4;2.8;2.3;12.9;-0.3;9;0;109.9;0.188;0.272;0.156;0.698;9;7.6;7;28.1;0.088
Naji Marshall;SF;2022;24;55;23;32;0.418;13.4;2;4.9;0.405;0.4;1.9;0.2;1.3;1.7;0.796;0.7;1.9;2.6;1.1;0.8;0.6;0.1;0.3;1.3;1.3;5.7;-0.9;1;0;108;0.142;0.206;0.243;0.151;4.9;3.5;3.9;13.1;0.05
Nassir Little;PF;2022;22;42;19;23;0.452;25.9;3.5;7.5;0.46;1.2;3.7;0.331;1.6;2.2;0.734;1.4;4.2;5.6;1.3;1;0.6;0.9;0.3;2;2;9.8;-0.5;3;0;111.1;0.158;0.226;0.15;0.3;8.9;6.2;7.2;25.9;0.069
Nathan Knight;PF;2022;24;37;22;15;0.595;7.2;1.2;2.4;0.511;0.1;0.4;0.308;1.2;1.6;0.733;0.9;1.4;2.3;0.6;0.5;0.2;0.2;0.3;1.1;1.2;3.7;0.6;1;0;101.9;0.174;0.249;0.194;0.348;2.4;2.1;1.3;6.4;0.04
Naz Reid;C;2022;22;77;42;35;0.545;15.8;3;6.2;0.489;0.7;2.2;0.343;1.5;1.9;0.765;1.3;2.6;3.9;0.9;1.1;0.5;0.9;0.4;2.2;1.7;8.3;-1.2;4;0;107.9;0.161;0.251;0.172;0.433;5.5;4.6;4.6;14.1;0.059
Neemias Queta;C;2022;22;15;4;11;0.267;8;1.1;2.5;0.447;0;0;0;0.7;1.1;0.647;0.9;1.1;2.1;0.4;0.4;0.1;0.5;0.2;1.2;0.8;3;-0.5;0;0;108.4;0.144;0.2;0.059;0.571;3.4;2;1.3;7.2;0.028
Nemanja Bjelica;PF;2022;34;71;48;23;0.676;16.1;2.3;4.8;0.468;0.8;2.1;0.362;0.8;1.1;0.728;0.9;3.3;4.1;2.2;1.2;0.6;0.4;0.3;1.8;1;6.1;1.8;3;0;104;0.187;0.274;0.196;0.252;5.5;4.4;3.9;14.5;0.077
Nerlens Noel;C;2022;28;25;10;15;0.4;22.5;1.3;2.4;0.533;0;0.1;0;0.8;1.2;0.7;1.9;3.7;5.6;0.9;0.8;1.2;1.2;0.2;2.7;1.8;3.4;-2.7;0;0;109.8;0.161;0.235;0.316;0.608;6.8;5;5.2;19.4;0.07
Nic Claxton;C;2022;23;47;24;23;0.511;20.7;3.8;5.6;0.674;0;0;0;1.1;2;0.581;1.9;3.7;5.6;0.9;0.8;0.5;1.1;0.4;2.3;1.9;8.7;-0.6;4;0;109.8;0.157;0.246;0.163;0.386;7.3;6;7;20;0.064
Nick Richards;PF;2022;24;50;25;25;0.5;7.3;1.2;1.8;0.667;0;0;0;0.6;0.9;0.698;0.7;1;1.7;0.3;0.5;0.2;0.4;0.2;1;0.7;3;-2.2;0;0;115.4;0.137;0.204;0.15;0.5;3;2.3;2.3;6.1;0.011
Nickeil Alexander-Walker;SG;2022;23;65;29;36;0.446;22.6;3.9;10.5;0.372;1.6;5.2;0.311;1.2;1.7;0.743;0.6;2.3;2.9;2.4;1.4;0.7;0.4;0.7;1.6;1.5;10.6;-1.7;2;0;110.7;0.103;0.149;0.195;0.168;8.1;6;5;21.1;0.064
Nicolas Batum;SF;2022;33;59;31;28;0.525;24.8;3;6.6;0.463;1.8;4.6;0.4;0.4;0.6;0.658;0.5;3.8;4.3;1.7;0.7;1;0.7;0.1;1.4;0.7;8.3;-2.2;0;0;109.8;0.146;0.217;0.246;0.276;8.4;7.6;6.4;26.1;0.077
Nik Stauskas;PF;2022;28;8;7;1;0.875;4.8;0.6;1.8;0.357;0.5;1.3;0.4;0.5;0.8;0.667;0.1;0.3;0.4;0.3;0.1;0;0;0;0.1;0.5;2.3;2.3;0;0;90.2;0.049;0.067;0;0;1;1.1;1;4;0.044
Nikola Jokic;PF;2022;27;74;46;28;0.622;33.5;10.3;17.7;0.583;1.3;3.9;0.337;5.1;6.3;0.81;2.8;11;13.8;7.9;3.8;1.5;0.9;0.9;2.6;6.5;27.1;6;66;19;108.9;0.313;0.429;0.309;0.348;12.2;7.9;8.4;35.2;0.113
Nikola Vucevic;C;2022;31;73;41;32;0.562;33.1;7.5;15.8;0.473;1.4;4.5;0.314;1.3;1.7;0.76;1.9;9.1;11;3.2;1.9;1;1;0.6;2.5;1.8;17.6;-0.7;44;0;112.8;0.274;0.384;0.201;0.359;10.4;8.3;8.2;33.5;0.072
Norman Powell;SF;2022;28;45;15;30;0.333;32.4;6.2;13.4;0.461;2.4;5.6;0.419;4.2;5.2;0.811;0.4;2.8;3.2;2.1;1.5;0.9;0.5;0.7;2.4;4.1;19;-4.9;0;0;118.7;0.089;0.126;0.187;0.146;11.8;8.4;9.3;34.4;0.016
OG Anunoby;SF;2022;24;48;31;17;0.646;36;6.4;14.5;0.443;2.4;6.6;0.363;1.9;2.5;0.754;1.5;4;5.5;2.6;1.7;1.5;0.5;1;2.7;2.3;17.1;2.8;3;0;108.1;0.116;0.169;0.202;0.149;10.4;9.5;8.8;34.4;0.129
Obi Toppin;PF;2022;24;72;32;40;0.444;17.1;3.5;6.6;0.531;0.7;2.3;0.308;1.3;1.7;0.758;1;2.8;3.7;1.1;0.8;0.3;0.5;0.4;1.4;1.4;9;2.3;3;0;104;0.155;0.227;0.116;0.273;5.3;4.3;2.9;14.1;0.082
Olivier Sarr;SF;2022;23;22;6;16;0.273;19.1;2.6;4.6;0.574;0.6;1.3;0.448;1.1;1.3;0.828;1.5;2.7;4.2;0.9;1;0.3;0.7;0.5;2.4;1.3;7;-1.3;1;0;108;0.133;0.189;0.083;0.313;7.5;5.2;4.4;17.1;0.07
Omer Yurtseven;SF;2022;23;56;39;17;0.696;12.6;2.3;4.4;0.526;0;0.2;0.091;0.7;1.1;0.623;1.5;3.7;5.3;0.9;0.7;0.3;0.4;0.3;1.5;0.9;5.3;1.1;8;0;108;0.293;0.426;0.162;0.339;4.7;3.6;3.2;10.6;0.046
Onyeka Okongwu;C;2022;21;48;26;22;0.542;20.7;3.3;4.7;0.69;0;0;0;1.7;2.3;0.727;2.4;3.5;5.9;1.1;0.9;0.6;1.3;0.4;3.1;1.9;8.2;2.3;1;0;109.1;0.163;0.246;0.191;0.645;6.2;5.9;4.3;20;0.068
Oshae Brissett;SF;2022;23;67;19;48;0.284;23.3;3.1;7.6;0.411;1.2;3.5;0.35;1.7;2.4;0.695;1.6;3.7;5.3;1.1;0.8;0.7;0.4;0.4;1.7;1.8;9.1;-3.3;5;0;116.8;0.165;0.245;0.183;0.161;8.7;7;6.6;25.9;0.025
Otto Porter Jr.;PF;2022;28;63;41;22;0.651;22.2;3.1;6.6;0.464;1.3;3.4;0.37;0.8;1;0.803;1.4;4.4;5.7;1.5;0.6;1.1;0.5;0.1;1.3;1.1;8.2;3.7;5;0;103.3;0.189;0.273;0.245;0.213;7.4;5.3;5.6;19.7;0.111
P.J. Dozier;PF;2022;25;18;9;9;0.5;18.9;2;5.5;0.364;0.8;2.7;0.313;0.6;0.7;0.769;0.8;2.7;3.5;1.6;0.7;0.6;0.3;0.3;1.8;1.1;5.4;-5;0;0;109.5;0.144;0.208;0.183;0.182;7.4;4.2;5.2;18.1;0.06
P.J. Tucker;PF;2022;37;71;45;26;0.634;27.9;2.9;6;0.484;1.1;2.7;0.415;0.6;0.9;0.738;1.4;4;5.5;2.1;0.9;0.8;0.2;0.3;2.3;1.3;7.6;3.2;5;0;107.1;0.146;0.205;0.19;0.122;9.5;7.1;7.4;23.4;0.108
P.J. Washington;PF;2022;23;65;33;32;0.508;27.2;3.8;8.2;0.47;1.7;4.6;0.365;0.9;1.2;0.716;1.3;3.9;5.2;2.3;1.3;0.9;0.9;0.4;2.3;1.1;10.3;2.2;3;0;111.5;0.142;0.211;0.186;0.321;9;7.8;7.5;26.7;0.071
Pascal Siakam;PF;2022;28;68;40;28;0.588;37.9;8.8;17.8;0.494;1.1;3.2;0.344;4.2;5.6;0.749;1.9;6.6;8.5;5.3;2.7;1.3;0.6;0.9;3.3;5;22.8;3.8;30;2;109.6;0.182;0.264;0.184;0.176;10.5;9.7;9.3;35.7;0.118
Pat Connaughton;SG;2022;29;65;41;24;0.631;26;3.5;7.6;0.458;2.2;5.7;0.395;0.7;0.8;0.833;0.7;3.5;4.2;1.3;0.5;0.9;0.2;0.2;1.3;0.9;9.9;-0.4;0;0;112.1;0.13;0.184;0.225;0.109;8.3;6.7;5.8;23.4;0.063
Patrick Beverley;PG;2022;33;58;33;25;0.569;25.4;3.1;7.5;0.406;1.4;4.2;0.343;1.7;2.3;0.722;1.1;3.1;4.1;4.6;1.3;1.2;0.9;0.4;3;2.5;9.2;1.9;2;0;109.8;0.119;0.182;0.239;0.311;8.3;7.6;7.9;24.6;0.078
Patrick Williams;PF;2022;20;17;9;8;0.529;24.8;3.2;6;0.529;0.9;1.7;0.517;1.8;2.4;0.732;1;3.1;4.1;0.9;0.9;0.5;0.5;0.4;1.6;1.8;9;-3.3;1;0;113.3;0.132;0.19;0.141;0.273;8.3;6.4;7.2;27.3;0.051
Patty Mills;PG;2022;33;81;44;37;0.543;29;4;9.8;0.408;2.8;7;0.4;0.6;0.7;0.814;0.2;1.7;1.9;2.3;0.9;0.6;0.2;0.3;1.4;1.3;11.4;1.4;0;0;110.7;0.055;0.084;0.152;0.064;10.3;8.4;8.7;29.2;0.082
Paul George;SF;2022;32;31;18;13;0.581;34.8;8.6;20.5;0.421;2.9;8.3;0.354;4.1;4.8;0.858;0.4;6.5;6.9;5.7;4.1;2.2;0.4;0.9;2.4;5.1;24.3;3;7;0;103.9;0.171;0.258;0.362;0.129;11.6;10.2;8.8;33.8;0.169
Paul Millsap;PF;2022;37;33;22;11;0.667;11.4;1.4;3.5;0.391;0.2;1.1;0.229;0.5;0.7;0.708;1.2;2.2;3.5;0.9;0.6;0.3;0.4;0.2;2;0.8;3.5;-0.7;0;0;110.4;0.182;0.269;0.179;0.333;3.9;3.2;4.2;11.3;0.034
Paul Reed;PF;2022;22;38;21;17;0.553;8;1.4;2.5;0.563;0.1;0.2;0.25;0.2;0.4;0.429;1.2;1.3;2.4;0.4;0.3;0.9;0.4;0.2;1.5;0.3;3.1;-1.1;0;0;113.9;0.164;0.262;0.541;0.368;2.8;2.5;2.4;7.3;0.015
Paul Watson;SF;2022;27;9;2;7;0.222;17.4;1.3;3.9;0.343;0.7;2.9;0.231;0.1;0.2;0.5;0.3;2.7;3;0.9;0.4;0.3;0.3;0.1;1.1;0.1;3.4;-6.2;0;0;117.6;0.145;0.226;0.125;0.176;6.1;6.8;5.8;19.3;0.014
Payton Pritchard;SG;2022;24;71;46;25;0.648;14.1;2.3;5.3;0.429;1.4;3.5;0.412;0.3;0.3;1;0.5;1.4;1.9;2;0.6;0.4;0.1;0.2;0.9;0.4;6.2;0.9;0;0;107.2;0.093;0.14;0.187;0.056;4.9;4.1;3.8;13;0.054
Precious Achiuwa;PF;2022;22;73;46;27;0.63;23.6;3.6;8.3;0.439;0.8;2.1;0.359;1.1;1.8;0.595;2;4.5;6.5;1.1;1.2;0.5;0.6;0.7;2.1;1.5;9.1;1;6;0;106.7;0.188;0.277;0.124;0.248;6.6;7;5.4;21.8;0.094
Quentin Grimes;PF;2022;22;46;21;25;0.457;17.1;2.1;5.1;0.404;1.6;4.1;0.381;0.3;0.4;0.684;0.5;1.5;2;1;0.6;0.7;0.2;0;1.6;0.5;6;-1.2;0;0;105;0.085;0.124;0.254;0.141;5.2;4.2;3.3;13.8;0.076
Quinndary Weatherspoon;SG;2022;25;11;8;3;0.727;6.7;1.1;1.9;0.571;0.1;0.5;0.2;0.5;0.5;1;0.2;1.1;1.3;0.5;0.3;0.1;0.1;0;1.4;0.5;2.7;-0.9;0;0;119.4;0.182;0.245;0.067;0.2;2.4;1.6;2;5.5;0.002
R.J. Hampton;SG;2022;21;64;15;49;0.234;21.9;2.7;7.1;0.383;1;2.9;0.35;1.2;1.8;0.641;0.4;2.7;3;2.5;1.4;0.7;0.2;0.6;1.6;1.6;7.6;-6.5;0;0;113.5;0.12;0.171;0.216;0.121;8.1;5.8;6.2;21;0.044
RJ Barrett;SG;2022;21;70;33;37;0.471;34.5;7;17.1;0.408;2;5.8;0.342;4.1;5.8;0.714;0.9;4.9;5.8;3;2.2;0.6;0.2;1.5;2;4.1;20;-2.1;4;0;111.6;0.136;0.195;0.132;0.069;11.4;8.7;8.9;32;0.089
RJ Nembhard Jr.;SG;2022;23;14;6;8;0.429;4.5;0.4;1.3;0.333;0;0.1;0;0.2;0.3;0.75;0.2;0.3;0.5;0.9;0.2;0.1;0;0.2;0.1;0.4;1.1;-0.5;0;0;91.1;0.056;0.085;0.1;0;1.6;1.1;0.5;4.4;0.037
Rajon Rondo;PG;2022;36;39;16;23;0.41;17.9;1.7;4.5;0.386;0.8;2.3;0.352;0.5;0.7;0.731;0.4;2.4;2.8;4.4;1.7;0.8;0.2;0.3;1.4;0.8;4.8;-2.8;1;0;106.8;0.118;0.183;0.288;0.085;6.7;5.1;5.8;17.4;0.074
Raul Neto;PG;2022;29;70;29;41;0.414;19.6;2.9;6.3;0.463;0.5;1.7;0.292;1.2;1.5;0.769;0.2;1.7;1.9;3.1;1.1;0.8;0;0.3;1.5;1.9;7.5;-1.2;0;0;112.9;0.089;0.129;0.281;0.025;6.4;4.7;3.6;20.5;0.043
Rayjon Tucker;PG;2022;24;5;2;3;0.4;14.2;1.2;1.8;0.667;0.8;1;0.8;1;1.4;0.714;0.6;1;1.6;2;0.2;0.8;0;0;1;1;4.2;-0.4;0;0;117.5;0.076;0.109;0.308;0;5.8;4.2;5.2;18;0.012
Reggie Bullock;SF;2022;31;68;44;24;0.647;28;3;7.4;0.401;2.1;5.8;0.36;0.6;0.7;0.833;0.5;3.1;3.5;1.2;0.6;0.6;0.2;0.2;1.6;0.3;8.6;4;0;0;106.7;0.106;0.156;0.152;0.091;7.5;7.8;6.5;27.7;0.111
Reggie Jackson;SG;2022;32;75;38;37;0.507;31.2;6.4;16.3;0.392;2.2;6.8;0.326;1.8;2.2;0.847;0.5;3.1;3.6;4.8;2.3;0.7;0.2;0.5;2.1;2.5;16.8;-0.9;5;0;109.4;0.092;0.135;0.168;0.064;10.5;9.2;8.5;32.3;0.099
Reggie Perry;PF;2022;22;10;0;10;0;18.7;4;7.9;0.506;0.3;1.6;0.188;0.9;1.5;0.6;1.5;3.2;4.7;1.2;1.1;0.9;0.6;0.3;3.3;1.2;9.2;-7.8;1;0;117.1;0.165;0.274;0.257;0.4;7.5;7.9;6.6;19;0.018
Richaun Holmes;C;2022;28;45;16;29;0.356;23.9;4.4;6.7;0.66;0;0.1;0.4;1.6;2;0.778;2.1;5;7;1.1;1.2;0.4;0.9;0.4;2.8;1.9;10.4;-3;8;0;113;0.198;0.3;0.109;0.373;9;7.3;6.8;25.6;0.052
Ricky Rubio;PG;2022;31;34;20;14;0.588;28.5;4.4;12.1;0.363;1.7;5.1;0.339;2.6;3;0.854;0.4;3.7;4.1;6.6;2.6;1.4;0.2;0.8;2.2;2.9;13.1;5.4;5;0;99.5;0.122;0.178;0.301;0.086;10.3;6.8;7.2;27.9;0.177
Robert Covington;PF;2022;31;71;34;37;0.479;27.3;2.9;7;0.42;1.8;4.8;0.378;0.8;1;0.841;0.8;4.7;5.5;1.3;1.1;1.5;1.3;0.4;2.7;1;8.5;0.5;1;0;110.2;0.167;0.241;0.303;0.396;8.7;7.3;6.9;25.9;0.081
Robert Williams III;C;2022;24;61;40;21;0.656;29.6;4.4;6;0.736;0;0;0;1.1;1.5;0.722;3.9;5.7;9.6;2;1;0.9;2.2;0.2;2.2;1.2;10;6.1;25;1;103.4;0.178;0.261;0.199;0.57;9.2;7.7;7.7;25.2;0.146
Robin Lopez;C;2022;34;36;9;27;0.25;17;3.1;5.5;0.553;0.1;0.2;0.333;0.9;1.5;0.593;1.9;1.6;3.5;1.5;1.2;0.1;0.5;0.1;1.9;1.6;7.1;-1.8;3;0;109.7;0.089;0.131;0.024;0.409;6;4.9;4.5;16.5;0.052
Rodney Hood;SF;2022;29;52;30;22;0.577;13.6;1.1;3;0.369;0.6;1.8;0.33;0.3;0.4;0.895;0.3;1.2;1.5;0.7;0.2;0.3;0.1;0;0.6;0.4;3.1;0.2;0;0;107.9;0.081;0.125;0.126;0.102;4.3;4.1;3.3;12.8;0.05
Rodney McGruder;SG;2022;30;51;13;38;0.255;14.8;1.9;4.4;0.436;1.1;2.9;0.397;0.4;0.5;0.731;0.6;1.6;2.2;0.9;0.5;0.4;0.1;0.3;1.1;0.5;5.4;-1.1;0;0;108.7;0.104;0.155;0.169;0.086;5.1;3.5;3.9;14.8;0.051
Romeo Langford;SG;2022;22;48;24;24;0.5;16.1;1.7;4;0.435;0.6;1.8;0.341;0.5;0.9;0.548;0.6;1.6;2.3;0.4;0.3;0.5;0.3;0.3;1;0.8;4.5;0.1;0;0;103.1;0.092;0.135;0.183;0.165;5.1;4.5;3.7;14.3;0.08
Royce O'Neale;SF;2022;28;77;46;31;0.597;31.2;2.6;5.8;0.457;1.5;4;0.389;0.6;0.7;0.804;0.8;3.9;4.8;2.5;1;1.1;0.4;0.2;2.4;1;7.4;3;3;0;110.5;0.12;0.172;0.236;0.125;10.6;8.6;7.7;30.1;0.09
Rudy Gay;PF;2022;35;55;34;21;0.618;18.9;2.9;6.9;0.414;1.3;3.7;0.345;1.1;1.4;0.785;1;3.4;4.4;1;0.9;0.5;0.3;0.3;1.7;1.1;8.1;3.3;0;0;104.9;0.166;0.235;0.154;0.188;6.4;4.5;4.3;16.8;0.087
Rudy Gobert;C;2022;29;66;42;24;0.636;32.1;5.5;7.7;0.713;0;0.1;0;4.6;6.7;0.69;3.7;11;14.7;1.1;1.8;0.7;2.1;0.7;2.7;5.8;15.6;6.3;53;0;104.5;0.312;0.449;0.148;0.668;10.7;7.8;7.9;28;0.151
Rui Hachimura;PF;2022;24;42;16;26;0.381;22.5;4.5;9.1;0.491;1.3;2.9;0.447;1.1;1.6;0.697;0.6;3.2;3.8;1.1;0.8;0.5;0.2;0.4;1.3;1.4;11.3;-3;0;0;115.8;0.143;0.21;0.185;0.1;7.7;5.2;5.2;21.9;0.03
Russell Westbrook;PG;2022;33;78;31;47;0.397;34.3;7;15.8;0.444;1;3.4;0.298;3.4;5.1;0.667;1.4;6;7.4;7.1;3.8;1;0.3;1.1;3;3.9;18.5;-2.7;28;10;111.5;0.165;0.247;0.179;0.071;12.1;9.7;10.8;36.8;0.09
Ryan Arcidiacono;PG;2022;28;10;8;2;0.8;7.6;0.6;1.2;0.5;0.4;0.9;0.444;0;0;0;0;0.8;0.8;0.4;0.3;0.1;0;0;0.5;0.5;1.6;-1.2;0;0;99.4;0.105;0.133;0.1;0;3.2;1.1;1.8;5.8;0.048
Saben Lee;PG;2022;22;37;8;29;0.216;16.3;1.9;4.8;0.39;0.4;1.6;0.233;1.5;1.9;0.789;0.5;1.9;2.4;2.9;1;1;0.3;0.6;1.2;1.8;5.6;-2.2;1;0;110.8;0.113;0.175;0.367;0.188;6;4.3;3.8;19;0.046
Saddiq Bey;SF;2022;23;82;23;59;0.28;33;5.5;13.9;0.396;2.6;7.4;0.346;2.6;3.1;0.827;1.3;4.1;5.4;2.8;1.2;0.9;0.2;0.6;1.6;2.2;16.1;-6.1;6;0;114;0.125;0.185;0.176;0.067;11.2;8.7;7.6;34.6;0.061
Sam Hauser;SF;2022;24;26;20;6;0.769;6.1;0.9;1.9;0.46;0.7;1.7;0.432;0;0;0;0.2;0.9;1.1;0.4;0.1;0;0.1;0;0.3;0;2.5;0;0;0;106;0.133;0.197;0.059;0.105;2.1;2;2;5.9;0.026
Sam Merrill;SG;2022;25;6;2;4;0.333;9.6;1.3;4;0.333;1.2;3.8;0.304;0.3;0.7;0.5;0.2;1;1.2;0.7;0.3;0;0;0;0.5;0.8;4.2;-1.5;0;0;112.7;0.107;0.171;0;0;1.8;3.3;4.7;10;0.021
Sandro Mamukelashvili;SG;2022;22;41;22;19;0.537;9.9;1.4;2.8;0.496;0.5;1.3;0.423;0.4;0.5;0.818;0.9;1.1;2;0.5;0.4;0.2;0.2;0.2;0.7;0.5;3.8;-3.5;1;0;117.3;0.116;0.183;0.15;0.257;4;3.3;4;10.8;0.009
Santi Aldama;SG;2022;21;32;20;12;0.625;11.2;1.7;4.1;0.402;0.2;1.5;0.125;0.6;1;0.625;1;1.7;2.7;0.7;0.5;0.2;0.3;0.2;1.1;0.8;4.1;0.5;2;0;104.6;0.15;0.217;0.087;0.213;3.3;3;3.7;11.8;0.052
Scottie Barnes;SG;2022;20;74;43;31;0.581;35.4;6.2;12.6;0.492;0.8;2.6;0.301;2.1;2.9;0.735;2.6;4.9;7.5;3.5;1.8;1.1;0.7;0.5;2.6;2.9;15.3;0.9;13;0;108.4;0.141;0.211;0.167;0.225;10.5;10.3;8.5;33.8;0.124
Semi Ojeleye;PF;2022;27;30;14;16;0.467;13.5;1;3.3;0.303;0.5;1.7;0.3;0.8;1;0.793;0.9;1.6;2.5;0.3;0.3;0.2;0.2;0.3;1;0.8;3.3;-4.8;0;0;114.4;0.111;0.18;0.117;0.136;5.6;4;3.9;14.1;0.024
Serge Ibaka;C;2022;32;54;30;24;0.556;16.3;2.7;5.5;0.5;0.7;1.8;0.374;0.6;0.8;0.727;1.1;3.5;4.6;0.9;0.8;0.2;0.6;0.2;1.9;0.7;6.8;-1;3;0;108.9;0.197;0.273;0.103;0.471;5.7;4.1;4.1;15.7;0.054
Seth Curry;SG;2022;31;64;38;26;0.594;33.3;5.6;11.5;0.487;2.5;5.8;0.422;1.3;1.5;0.872;0.3;2.8;3.1;3.6;1.7;0.8;0.2;0.2;2.3;1.6;15;3;1;0;109.2;0.082;0.121;0.169;0.059;10.5;9;9.9;32;0.105
Shai Gilgeous-Alexander;SG;2022;23;56;16;40;0.286;34.7;8.5;18.8;0.453;1.6;5.3;0.3;5.9;7.2;0.81;0.7;4.3;5;5.9;2.8;1.3;0.8;1.1;2.5;5.5;24.5;-4.7;6;1;113;0.114;0.167;0.218;0.258;11.1;9.7;7.9;34.4;0.075
Shake Milton;SG;2022;25;55;34;21;0.618;21.4;3.1;7.3;0.429;0.8;2.4;0.323;1.1;1.3;0.836;0.5;2;2.6;2.5;0.8;0.5;0.3;0.4;1.8;1.4;8.2;-0.5;0;0;109.6;0.094;0.136;0.154;0.127;7.2;5.9;7.3;19.6;0.068
Skylar Mays;SG;2022;24;28;17;11;0.607;7.9;1.1;2.3;0.5;0.3;0.9;0.32;0.3;0.3;0.889;0.2;0.7;0.9;0.6;0.4;0.3;0;0.2;0.3;0.4;2.9;-1.9;1;0;117.5;0.091;0.129;0.259;0;3.1;2.5;2;8;0.006
Solomon Hill;PF;2022;31;13;7;6;0.538;10.7;0.2;1.5;0.15;0.2;1;0.154;0;0;0;0.5;1.3;1.8;0.9;0.1;0.3;0.2;0.1;1.2;0.2;0.6;3.2;0;0;95.1;0.115;0.143;0.174;0.167;3.2;1.5;1.8;9.2;0.079
Spencer Dinwiddie;SG;2022;29;67;38;29;0.567;29.6;4.6;11;0.416;1.7;4.9;0.339;2.9;3.8;0.774;0.7;3.5;4.2;5.2;1.6;0.7;0.2;0.6;2.2;3.1;13.7;-0.7;7;1;109.4;0.111;0.164;0.186;0.067;8.6;8;5.8;29.2;0.097
Stanley Johnson;PF;2022;25;48;16;32;0.333;22.8;2.4;5.2;0.466;0.7;2.2;0.314;1.1;1.5;0.716;0.7;2.5;3.2;1.7;0.7;0.9;0.3;0.4;2.3;1.3;6.7;-1;0;0;115.2;0.109;0.164;0.24;0.144;7.8;6.6;7.2;25.7;0.034
Stephen Curry;PG;2022;34;64;45;19;0.703;34.5;8.4;19.1;0.437;4.5;11.7;0.38;4.3;4.7;0.923;0.5;4.7;5.2;6.3;3.2;1.3;0.4;0.6;2;3.5;25.5;8;12;2;103.4;0.126;0.184;0.192;0.099;12.4;9.2;9.1;32.3;0.174
Sterling Brown;SG;2022;27;49;31;18;0.633;12.8;1.2;3.2;0.381;0.6;1.9;0.304;0.3;0.3;0.933;0.5;2.5;3;0.7;0.5;0.3;0.1;0.3;1.1;0.2;3.3;0.7;2;0;103.1;0.188;0.27;0.151;0.152;4.6;3;3.6;12.7;0.067
Steven Adams;C;2022;28;76;51;25;0.671;26.3;2.8;5.1;0.547;0;0;0;1.4;2.6;0.543;4.6;5.4;10;3.4;1.5;0.9;0.8;0.6;2;2.6;6.9;4.6;14;0;109.5;0.198;0.278;0.181;0.264;7.9;6.5;7.3;25.7;0.082
Svi Mykhailiuk;SG;2022;24;56;29;27;0.518;12.8;1.6;4.2;0.389;0.7;2.4;0.306;0.6;0.7;0.865;0.4;1.3;1.6;0.8;0.6;0.5;0.1;0.2;1;0.5;4.6;-1.4;0;0;109.5;0.101;0.154;0.187;0.055;4.1;4.4;3;11.6;0.042
T.J. McConnell;PG;2022;30;27;9;18;0.333;24.2;3.7;7.7;0.481;0.4;1.2;0.303;0.7;0.9;0.826;0.7;2.6;3.3;4.9;1.1;1.1;0.4;0.4;2;1.4;8.5;-2.7;1;0;112.3;0.11;0.164;0.261;0.128;9;7.3;6.3;26.4;0.058
Tacko Fall;C;2022;26;11;4;7;0.364;5.3;0.5;1.1;0.417;0;0;0;0.2;0.6;0.286;0.6;1.5;2.1;0.2;0.3;0;0.5;0.1;0.3;0.7;1.1;0.5;0;0;100.8;0.271;0.372;0;1;1.2;1.9;1.3;3.1;0.03
Taj Gibson;C;2022;36;52;24;28;0.462;18.2;1.7;3.2;0.518;0.3;0.7;0.395;0.8;1;0.808;1.7;2.7;4.4;0.6;0.5;0.4;0.8;0.2;2.6;0.9;4.4;0.8;0;0;104.2;0.139;0.207;0.164;0.455;5.1;5.3;3.9;15;0.086
Talen Horton-Tucker;SG;2022;21;60;23;37;0.383;25.2;3.7;9;0.416;0.8;3;0.269;1.7;2.1;0.8;0.6;2.6;3.2;2.7;1.4;1;0.5;0.5;2.5;1.6;10;-1.5;1;0;110.1;0.1;0.145;0.258;0.181;8.6;6.3;6.9;25.8;0.076
Taurean Prince;PF;2022;28;69;40;29;0.58;17.1;2.6;5.7;0.454;1.2;3.3;0.376;0.9;1.2;0.756;0.4;2.1;2.5;1;0.8;0.7;0.3;0.2;1.7;1.2;7.3;-0.1;0;0;110.9;0.12;0.187;0.204;0.159;6;5.3;5.2;16.5;0.049
Terance Mann;SG;2022;25;81;41;40;0.506;28.6;4.1;8.5;0.484;0.9;2.6;0.365;1.6;2;0.78;1.3;4;5.2;2.6;1;0.7;0.3;0.5;2.2;2;10.8;0.8;6;0;107.1;0.127;0.191;0.163;0.09;9.5;8.7;7.4;29.7;0.111
Terence Davis;SG;2022;24;30;11;19;0.367;17.9;3.8;8.9;0.423;1.6;5;0.329;1.2;1.5;0.818;0.4;2.8;3.1;1.3;1.1;0.8;0.4;0.5;2.3;1.1;10.4;2;0;0;109;0.138;0.205;0.284;0.164;6.1;5.8;3.8;17.5;0.06
Terrence Ross;SG;2022;31;63;14;49;0.222;23;3.5;8.8;0.397;1.2;4.2;0.292;1.8;2.1;0.862;0.3;2.2;2.6;1.8;1.2;0.4;0.2;0.4;1.1;1.5;10;-5.5;0;0;113.8;0.094;0.142;0.139;0.095;8.7;6.3;5.6;24;0.044
Terry Rozier;SG;2022;28;73;38;35;0.521;33.7;7.1;16;0.444;3;8.1;0.374;2.1;2.4;0.852;0.8;3.5;4.3;4.5;1.3;1.3;0.3;0.6;1.6;2.4;19.3;1;3;1;112;0.101;0.149;0.215;0.107;11.1;10.1;9.6;33.6;0.082
Terry Taylor;SG;2022;22;33;7;26;0.212;21.6;4.1;6.7;0.614;0.4;1.2;0.316;1.1;1.5;0.706;2.9;2.3;5.2;1.2;0.7;0.4;0.2;0.4;1.8;1.2;9.6;-3.5;2;0;119.1;0.117;0.172;0.133;0.125;8.8;6.2;6.7;24.1;0.008
Thaddeus Young;PF;2022;33;52;27;25;0.519;16.3;2.7;5.2;0.518;0.3;0.9;0.354;0.4;0.9;0.469;1.5;2.5;4;2;1;1;0.3;0.4;1.6;1;6.2;0.4;0;0;106.3;0.152;0.223;0.346;0.228;5.2;4.2;4.3;15.2;0.068
Thanasis Antetokounmpo;SF;2022;29;48;26;22;0.542;9.9;1.5;2.7;0.547;0;0.3;0.143;0.6;1;0.63;0.8;1.3;2.1;0.5;0.5;0.3;0.3;0.3;1.4;0.8;3.6;-2.4;0;0;114.4;0.129;0.209;0.235;0.3;3.6;3.3;3.6;10.6;0.017
Theo Maledon;SF;2022;20;51;14;37;0.275;17.8;2.3;6.2;0.375;0.9;2.9;0.293;1.5;2;0.79;0.4;2.2;2.6;2.2;1.3;0.6;0.2;0.5;1.3;1.8;7.1;-3.9;1;0;112.3;0.118;0.17;0.265;0.128;6.5;5.1;4.1;17.8;0.042
Theo Pinson;SG;2022;26;19;14;5;0.737;7.8;0.7;2.1;0.359;0.5;1.6;0.333;0.5;0.5;1;0.1;1;1.1;0.9;0.3;0.3;0.1;0;0.6;0.4;2.5;-2.2;0;0;107.6;0.124;0.174;0.179;0.133;3;1.6;2.3;8.4;0.031
Thomas Bryant;C;2022;24;27;8;19;0.296;16.3;2.9;5.5;0.52;0.4;1.6;0.286;1.3;1.5;0.875;1;3;4;0.9;0.7;0.2;0.8;0.3;1.6;1.4;7.4;-2.8;0;0;112.8;0.187;0.272;0.098;0.438;4.8;4.6;3.7;17;0.036
Tim Frazier;PG;2022;31;12;1;11;0.083;17.3;1.2;3.8;0.311;0.5;1.4;0.353;0.4;0.8;0.556;0.4;1.2;1.6;2.8;1.3;0.3;0.1;0.2;2.3;1;3.3;-6.7;0;0;110.2;0.066;0.099;0.097;0.056;7.8;5.3;3.5;17.5;0.052
Tim Hardaway Jr.;SG;2022;30;42;24;18;0.571;29.6;5;12.6;0.394;2.4;7.2;0.336;1.9;2.5;0.757;0.3;3.4;3.7;2.2;0.8;0.9;0.1;0.4;1.8;2.1;14.2;0.9;0;0;107.7;0.114;0.163;0.216;0.065;8.6;8.5;7.5;28.5;0.111
Timothe Luwawu-Cabarrot;SG;2022;27;52;30;22;0.577;13.2;1.4;3.6;0.398;0.8;2.3;0.361;0.7;0.8;0.854;0.3;1.3;1.6;0.8;0.4;0.3;0.1;0.2;1.5;0.7;4.4;-1;0;0;113.2;0.094;0.129;0.171;0.115;5.1;2.8;3.9;12.5;0.028
Tobias Harris;PF;2022;29;73;45;28;0.616;34.8;6.8;14;0.482;1.4;3.8;0.367;2.3;2.8;0.842;1.1;5.7;6.8;3.5;1.6;0.6;0.6;1;2.2;2.2;17.2;2.3;9;1;110;0.164;0.234;0.121;0.158;9.6;9.3;10.9;34.6;0.105
Tomas Satoransky;PF;2022;30;55;21;34;0.382;16.5;1.3;3.5;0.377;0.2;1;0.208;0.8;1;0.796;0.5;1.8;2.3;3.3;0.8;0.5;0.1;0.2;1.3;1.1;3.6;-3;1;0;112.4;0.11;0.155;0.227;0.056;5.9;4.2;4;16.2;0.039
Tony Bradley;C;2022;24;55;28;27;0.509;10;1.3;2.2;0.585;0;0;0;0.3;0.5;0.655;1.2;2.2;3.4;0.5;0.6;0.2;0.6;0.3;1.1;0.6;3;1.3;0;0;105;0.196;0.295;0.123;0.485;3.3;2.9;2.5;9.7;0.046
Tony Snell;SG;2022;30;53;19;34;0.358;15.5;1.3;3.2;0.404;0.8;2.4;0.352;0.1;0.1;1;0.3;1.6;1.9;0.5;0.4;0.3;0.2;0.1;1.3;0.2;3.5;-2.2;0;0;112.6;0.107;0.156;0.122;0.134;4.6;4.2;4.1;15.2;0.035
Torrey Craig;SF;2022;31;78;36;42;0.462;20.5;2.6;5.7;0.454;1;3;0.329;0.5;0.7;0.75;1.1;2.9;4;1.2;0.9;0.6;0.5;0.2;1.9;0.7;6.6;-2.4;3;0;111.8;0.137;0.2;0.209;0.181;7.1;5.5;5.7;20.7;0.051
Trae Young;PG;2022;23;76;40;36;0.526;34.9;9.4;20.3;0.46;3.1;8;0.382;6.6;7.3;0.904;0.7;3.1;3.7;9.7;4;0.9;0.1;1.2;1.7;5.9;28.4;2.1;42;0;114.9;0.087;0.126;0.183;0.03;11;9.4;9.1;35.6;0.056
Tre Jones;PG;2022;22;69;32;37;0.464;16.6;2.4;4.9;0.49;0.1;0.7;0.196;1;1.3;0.78;0.4;1.8;2.2;3.4;0.7;0.6;0.1;0.4;1.1;1.5;6;-0.2;3;0;109.3;0.103;0.154;0.239;0.073;5.9;5.5;3.9;17.3;0.055
Tre Mann;PG;2022;21;60;17;43;0.283;22.8;3.9;9.8;0.393;1.6;4.5;0.36;1.1;1.4;0.793;0.4;2.4;2.9;1.5;1.2;0.8;0.2;0.6;1.7;1.2;10.4;-4.6;0;0;112;0.101;0.15;0.221;0.082;8.4;7.3;4.8;25;0.055
Trendon Watford;PG;2022;21;48;16;32;0.333;18.1;3;5.6;0.532;0.2;0.8;0.237;1.5;2;0.755;1.2;3;4.1;1.7;0.9;0.5;0.6;0.4;2.4;1.6;7.6;-7.3;2;0;118.4;0.163;0.248;0.181;0.333;7.4;4.9;6;17.7;0.01
Trent Forrest;PG;2022;23;60;36;24;0.6;12.8;1.3;2.6;0.49;0.1;0.5;0.185;0.6;0.8;0.792;0.4;1.3;1.7;1.8;0.8;0.5;0.1;0.2;0.7;0.7;3.3;1.3;0;0;108.5;0.093;0.131;0.263;0.085;4.4;3.1;3.1;11.7;0.044
Trevelin Queen;PG;2022;25;10;1;9;0.1;7.4;1.5;3.3;0.455;0.9;2.4;0.375;0.4;0.4;1;0.7;0.9;1.6;0.4;0.7;0.5;0.1;0;0.6;0.5;4.3;0.8;0;0;107.3;0.134;0.188;0.357;0.111;3.5;0.9;2.1;7.8;0.029
Trevor Ariza;SF;2022;36;24;8;16;0.333;19.3;1.4;4.1;0.333;0.8;3.1;0.27;0.4;0.8;0.556;0.4;3;3.4;1.1;0.5;0.5;0.3;0.1;0.8;0.8;4;-2.3;0;0;112.2;0.151;0.222;0.2;0.102;6.8;5;7.1;21.3;0.045
Trey Burke;PG;2022;29;42;24;18;0.571;10.5;2;5.1;0.391;0.6;2;0.317;0.5;0.5;0.87;0.1;0.7;0.8;1.4;0.6;0.3;0;0.1;0.9;0.7;5.1;-0.2;0;0;104.2;0.064;0.093;0.176;0;3.9;2.6;2.6;9.8;0.051
Trey Lyles;PF;2022;26;75;19;56;0.253;20.5;3.5;7.5;0.466;0.9;2.8;0.321;2.6;3.2;0.802;1.2;3.9;5.1;1.2;1;0.4;0.4;0.5;1.6;2.6;10.5;-3;3;0;113.6;0.189;0.285;0.13;0.232;6.8;5.5;4.9;21.2;0.04
Trey Murphy III;PF;2022;21;62;31;31;0.5;13.9;1.8;4.5;0.394;1.1;3;0.382;0.7;0.8;0.882;0.8;1.6;2.4;0.6;0.3;0.4;0.1;0.2;1;0.7;5.4;0;0;0;107.8;0.122;0.172;0.159;0.106;4.9;3.5;3.7;12.8;0.052
Tristan Thompson;PF;2022;31;57;20;37;0.351;15.7;2.5;4.7;0.528;0;0.1;0.333;1.1;2;0.526;2.1;2.9;5.1;0.6;0.8;0.4;0.4;0.5;1.7;2;6;-1.1;1;0;115.7;0.196;0.282;0.168;0.313;5.3;4.3;4.1;17.5;0.021
Troy Brown Jr.;SF;2022;22;66;37;29;0.561;16;1.6;3.9;0.419;0.7;2;0.353;0.3;0.4;0.769;0.6;2.5;3.1;1;0.4;0.5;0.1;0.4;0.9;0.4;4.3;-0.7;1;0;111.7;0.154;0.215;0.248;0.06;5.6;4;4.5;17;0.041
Ty Jerome;SG;2022;24;48;15;33;0.313;16.7;2.6;6.8;0.378;1.1;3.9;0.29;0.8;1;0.809;0.4;1.2;1.6;2.3;0.8;0.6;0.1;0.4;1.5;1.1;7.1;-0.1;0;0;100.4;0.072;0.106;0.227;0.065;5.5;3.9;3.4;15.2;0.096
Tyler Cook;SF;2022;24;20;13;7;0.65;10;1.2;1.9;0.605;0;0;0;1.1;1.6;0.656;0.8;1.9;2.7;0.2;0.4;0.2;0.2;0.3;1.4;1.6;3.4;-1.4;0;0;114.6;0.2;0.296;0.174;0.2;3;3.1;3.6;12.6;0.017
Tyler Herro;SG;2022;22;66;44;22;0.667;32.6;7.6;17;0.447;2.7;6.7;0.399;2.9;3.3;0.868;0.5;4.5;5;4;2.6;0.7;0.1;1.1;1.4;2.7;20.7;3.6;3;0;108.1;0.133;0.199;0.134;0.049;11.7;9.8;8;29.3;0.118
Tyler Johnson;SG;2022;30;6;2;4;0.333;15.2;1;3.3;0.3;0.8;2.2;0.385;0;0;0;0.5;1.5;2;1.2;0.3;0.5;0.5;0.2;1.2;1;2.8;-1;0;0;113.8;0.1;0.158;0.188;0.188;3.8;6.2;4.3;15;0.03
Tyrese Haliburton;PG;2022;22;77;26;51;0.338;35;5.6;11.8;0.473;2.1;5.1;0.414;2.1;2.5;0.842;0.8;3.2;4;8.2;2.6;1.7;0.6;0.5;1.6;2.2;15.3;-4.2;25;0;115.9;0.093;0.141;0.31;0.168;13.4;10.9;10.3;40;0.045
Tyrese Maxey;SG;2022;21;75;45;30;0.6;35.3;6.4;13.3;0.485;1.8;4.1;0.427;2.8;3.3;0.866;0.3;2.9;3.2;4.3;1.2;0.7;0.4;0.7;2.1;2.4;17.5;2.6;1;0;109.7;0.08;0.115;0.134;0.116;10.2;9.6;11.3;35.9;0.109
Tyrone Wallace;SG;2022;27;6;4;2;0.667;12.5;1.2;3.3;0.35;0.3;1.3;0.25;0.2;0.8;0.2;0;1.3;1.3;0.2;0.3;0.5;0.2;0.2;1.2;0.8;2.8;-3;0;0;121.4;0.133;0.2;0.2;0.2;4.8;3.2;2.5;15.3;-0.004
Tyus Jones;PG;2022;26;73;51;22;0.699;21.2;3.4;7.6;0.451;1.1;2.8;0.39;0.7;0.9;0.818;0.2;2.2;2.4;4.4;0.6;0.9;0;0.2;0.4;1;8.7;3.5;2;0;105.5;0.097;0.143;0.202;0.009;6;6.3;5.3;20.6;0.092
Udoka Azubuike;C;2022;22;17;11;6;0.647;11.5;2.2;2.9;0.755;0;0;0;0.4;0.6;0.545;1.1;3.1;4.2;0;0.7;0.1;0.6;0.1;1.5;0.6;4.7;0.2;1;0;105.8;0.233;0.338;0.045;0.5;3.2;3.9;2.8;9.2;0.05
Udonis Haslem;C;2022;41;13;10;3;0.769;6.4;1.1;2.4;0.452;0.1;0.3;0.25;0.2;0.2;1;0.3;1.6;1.9;0.3;0.4;0.1;0.1;0.2;1.2;0.5;2.5;-1.2;0;0;102.3;0.239;0.333;0.111;0.167;1.5;1.2;1.9;4.3;0.036
Usman Garuba;C;2022;20;24;2;22;0.083;10;0.8;1.8;0.432;0.2;0.8;0.25;0.2;0.3;0.714;0.9;2.6;3.5;0.7;0.3;0.4;0.5;0.3;1.2;0.3;2;1.4;0;0;111.5;0.263;0.38;0.204;0.355;3.4;2.8;2.3;10.8;0.026
Vernon Carey Jr.;C;2022;21;7;3;4;0.429;6.3;1;1.9;0.538;0;0;0;0.9;1.9;0.462;1.1;0.6;1.7;0;0.4;0.3;0.1;0;0.6;1.1;2.9;-6.3;0;0;132.3;0.093;0.133;0.4;0.333;2.7;3.1;3.1;6.9;-0.024
Victor Oladipo;SG;2022;30;8;4;4;0.5;21.6;4.4;9.1;0.479;1.9;4.5;0.417;1.8;2.4;0.737;0.4;2.5;2.9;3.5;2;0.6;0.1;0.4;1.6;2.1;12.4;-0.6;1;0;104.7;0.11;0.167;0.2;0.053;8.3;5.4;4.4;19.3;0.101
Vit Krejci;C;2022;21;30;8;22;0.267;23;2.3;5.6;0.407;1.1;3.3;0.327;0.6;0.7;0.864;0.6;2.8;3.4;1.9;1;0.6;0.3;0.3;2.2;0.7;6.2;-6;1;0;116.1;0.121;0.174;0.176;0.151;8.3;7.2;5.2;24;0.029
Vlatko Cancar;C;2022;25;15;7;8;0.467;11.8;1.5;2.7;0.561;0.5;0.8;0.583;0.6;0.9;0.643;0.5;1.5;2.1;1.1;0.6;0.1;0.2;0.2;1.2;1.1;4.1;0.3;0;0;104.1;0.133;0.187;0.057;0.214;3.4;2.5;2.7;10.9;0.059
Wayne Ellington;SG;2022;34;43;15;28;0.349;18.8;2.3;5.5;0.414;1.9;4.9;0.389;0.2;0.3;0.818;0.2;1.6;1.8;0.7;0.4;0.5;0.1;0.1;1;0.4;6.7;-1.4;0;0;111.3;0.078;0.12;0.181;0.059;6.5;5.3;5.8;19.7;0.049
Wendell Carter Jr.;C;2022;23;62;16;46;0.258;29.9;5.8;11;0.525;1.1;3.5;0.327;2.3;3.3;0.691;2.2;8.2;10.5;2.8;1.9;0.6;0.7;0.6;2.7;3;15;-2.2;33;0;108.8;0.26;0.365;0.134;0.259;10.1;8;6.8;26.2;0.101
Wenyen Gabriel;PF;2022;25;26;8;18;0.308;13.8;2.1;4.2;0.491;0.3;1.1;0.286;1;1.6;0.595;1.5;2.2;3.7;0.5;0.6;0.2;0.4;0.6;2.6;1.3;5.4;1.7;1;0;111.4;0.151;0.231;0.111;0.393;4.4;3.8;3.3;14.4;0.036
Wesley Matthews;SG;2022;35;49;33;16;0.673;20.5;1.8;4.5;0.395;1.1;3.2;0.338;0.4;0.6;0.786;0.6;1.3;1.9;0.7;0.4;0.5;0.2;0.2;1.8;1.1;5.1;2.8;0;0;107.7;0.056;0.079;0.155;0.096;5.9;5.6;4.4;18.4;0.077
Will Barton;SF;2022;31;71;41;30;0.577;32.1;5.5;12.6;0.438;2.2;6.1;0.365;1.4;1.8;0.803;0.6;4.2;4.8;3.9;1.8;0.8;0.4;0.7;1.6;1.8;14.7;1.4;1;0;110.4;0.128;0.179;0.17;0.17;11.3;7.5;8.8;34.7;0.093
Willie Cauley-Stein;C;2022;28;20;12;8;0.6;9.1;0.8;1.8;0.457;0.1;0.1;0.5;0.1;0.1;0.5;0.7;1.4;2;0.5;0.4;0.3;0.2;0.3;1;0.2;1.7;1.2;0;0;98.2;0.144;0.2;0.167;0.3;2.3;2.7;2.2;9.5;0.063
Willy Hernangomez;C;2022;27;50;22;28;0.44;16.8;3.4;6.5;0.52;0.1;0.2;0.333;2.2;2.8;0.773;2.9;3.9;6.8;1.3;1;0.4;0.4;0.5;1.9;2.1;9.1;-0.9;9;0;114.2;0.24;0.344;0.129;0.322;6.1;4.4;4.6;17.5;0.031
Xavier Moon;C;2022;27;10;7;3;0.7;13.7;2.5;5.1;0.49;0.5;1.4;0.357;0.3;0.5;0.6;0.2;1.2;1.4;2.4;0.6;0.7;0.3;0.3;0.9;0.5;5.8;0.2;0;0;111.5;0.072;0.118;0.318;0.214;5.3;6.6;2.9;16;0.037
Xavier Sneed;C;2022;24;9;7;2;0.778;4.3;0.2;1.1;0.2;0.1;0.9;0.125;0;0;0;0.2;0.4;0.7;0.1;0;0;0;0;0.2;0;0.6;-0.7;0;0;97.6;0.111;0.148;0;0;1.2;0.7;0.6;4.9;0.03
Xavier Tillman;C;2022;23;53;35;18;0.66;13.2;1.8;4.1;0.454;0.2;0.9;0.204;0.9;1.3;0.648;1.2;1.8;3;1.2;0.6;0.9;0.3;0.3;1.2;1;4.8;-0.5;0;0;106.4;0.138;0.205;0.271;0.181;4;3.1;3.8;12.3;0.054
Yuta Watanabe;SF;2022;27;38;21;17;0.553;11.7;1.5;3.6;0.406;0.7;2.1;0.342;0.6;1.1;0.6;0.5;1.9;2.4;0.6;0.5;0.3;0.4;0.2;1;0.9;4.3;-1.4;2;0;109.6;0.158;0.251;0.136;0.296;3.9;4.5;2.9;11.3;0.039
Yves Pons;SF;2022;23;12;9;3;0.75;5.9;0.4;1.3;0.313;0.3;0.8;0.333;0;0.2;0;0.4;0.6;1;0.1;0.1;0.1;0.3;0.1;0.5;0.3;1.1;-2.5;0;0;106.5;0.082;0.14;0.091;0.444;2.5;2.5;1.8;6.5;0.024
Zach Collins;SF;2022;24;28;14;14;0.5;17.9;2.7;5.5;0.49;0.5;1.5;0.341;1.9;2.3;0.8;1.6;3.8;5.5;2.2;1.6;0.5;0.8;0.6;2.4;2;7.8;1.4;1;0;107.8;0.197;0.284;0.155;0.489;6.7;5.4;5.1;18.6;0.068
Zach LaVine;SG;2022;27;67;37;30;0.552;34.7;8.4;17.7;0.476;2.8;7.1;0.389;4.8;5.6;0.853;0.3;4.3;4.6;4.5;2.6;0.6;0.3;0.9;1.8;4;24.4;-0.4;0;0;113.4;0.121;0.174;0.119;0.122;11.2;9.4;8.6;34.7;0.07
Zavier Simpson;SG;2022;25;4;1;3;0.25;43.5;4.8;13;0.365;0.3;2;0.125;1.3;1.3;1;0.5;4.8;5.3;7.5;2.5;1.3;1;1.8;3.8;2;11;-23.8;0;0;125.1;0.114;0.176;0.192;0.25;14.5;16;15.8;48.5;-0.06
Zeke Nnaji;PF;2022;21;41;24;17;0.585;17;2.3;4.5;0.516;0.9;2;0.463;1;1.6;0.631;1.4;2.2;3.6;0.4;0.6;0.4;0.3;0.5;1.9;1.3;6.6;-1.1;0;0;110.4;0.141;0.198;0.134;0.255;5.9;3.8;4.3;16.7;0.05
Ziaire Williams;PF;2022;20;62;41;21;0.661;21.7;3.1;6.8;0.45;1.2;3.9;0.314;0.7;0.9;0.782;0.4;1.7;2.1;1;0.7;0.6;0.2;0.3;1.8;0.8;8.1;2;0;0;108.8;0.071;0.101;0.144;0.064;6.7;6;6.3;23.6;0.075
